,target_market,score,cover_image,sugar_result,fiber_result,sodium_result,sugar_per_serving,fiber_per_serving,sodium_per_serving,calories_per_serving,serving_size,index,url,sugar_result_perc,fiber_result_perc,calories_result_ratio,file_name,cropped_path
0,Family,50,http://cerealfacts.org/media/cereal_images/AnniesFruityBunnies.jpg,24%,3%,293,7,1,85,120,29,1,http://cerealfacts.org/cereal_nutrition_scores.aspx?id=1,24,3,4.13793103448,img_001_anniesfruitybunnies.jpg,../img/cropped/img_001_anniesfruitybunnies_cropped.png
1,Family,52,http://cerealfacts.org/media/cereal_images/AnniesHoneyBunnies.jpg,24%,3%,310,7,1,90,110,29,2,http://cerealfacts.org/cereal_nutrition_scores.aspx?id=2,24,3,3.79310344828,img_002_annieshoneybunnies.jpg,../img/cropped/img_002_annieshoneybunnies_cropped.png
2,Family,50,http://cerealfacts.org/media/cereal_images/AnniesCinnamonRollBunnyOs.jpg,24%,3%,293,7,1,85,120,29,3,http://cerealfacts.org/cereal_nutrition_scores.aspx?id=3,24,3,4.13793103448,img_003_anniescinnamonrollbunnyos.jpg,../img/cropped/img_003_anniescinnamonrollbunnyos_cropped.png
3,Family,64,http://cerealfacts.org/media/cereal_images/AnniesOrganicBunnyOs.jpg,7%,3%,379,2,1,110,120,29,4,http://cerealfacts.org/cereal_nutrition_scores.aspx?id=4,7,3,4.13793103448,img_004_anniesorganicbunnyos.jpg,../img/cropped/img_004_anniesorganicbunnyos_cropped.png
4,Family,58,http://cerealfacts.org/media/cereal_images/BarbarasBakeryPuffinsPuffsCrunchyCocoa.jpg,23%,10%,267,7,3,80,120,30,5,http://cerealfacts.org/cereal_nutrition_scores.aspx?id=5,23,10,4.0,img_005_barbarasbakerypuffinspuffscrunchycocoa.jpg,../img/cropped/img_005_barbarasbakerypuffinspuffscrunchycocoa_cropped.png
5,Family,54,http://cerealfacts.org/media/cereal_images/BarbarasBakeryPuffinsPuffsFruitMedley.jpg,23%,3%,267,7,1,80,120,30,6,http://cerealfacts.org/cereal_nutrition_scores.aspx?id=6,23,3,4.0,img_006_barbarasbakerypuffinspuffsfruitmedley.jpg,../img/cropped/img_006_barbarasbakerypuffinspuffsfruitmedley_cropped.png
6,Family,56,http://cerealfacts.org/media/cereal_images/BarbarasBakeryPuffinsCinnamon.jpg,20%,20%,500,6,6,150,90,30,7,http://cerealfacts.org/cereal_nutrition_scores.aspx?id=7,20,20,3.0,img_007_barbarasbakerypuffinscinnamon.jpg,../img/cropped/img_007_barbarasbakerypuffinscinnamon_cropped.png
7,Family,68,http://cerealfacts.org/media/cereal_images/BarbarasBakeryPuffinsHoneyRice.jpg,20%,10%,267,6,3,80,120,30,8,http://cerealfacts.org/cereal_nutrition_scores.aspx?id=8,20,10,4.0,img_008_barbarasbakerypuffinshoneyrice.jpg,../img/cropped/img_008_barbarasbakerypuffinshoneyrice_cropped.png
8,Family,46,http://cerealfacts.org/media/cereal_images/BarbarasBakeryPuffinsPeanutButter.jpg,20%,7%,767,6,2,230,110,30,9,http://cerealfacts.org/cereal_nutrition_scores.aspx?id=9,20,7,3.66666666667,img_009_barbarasbakerypuffinspeanutbutter.jpg,../img/cropped/img_009_barbarasbakerypuffinspeanutbutter_cropped.png
9,Family,50,http://cerealfacts.org/media/cereal_images/BarbarasBakeryPuffinsOriginal.jpg,19%,19%,704,5,5,190,90,27,10,http://cerealfacts.org/cereal_nutrition_scores.aspx?id=10,19,19,3.33333333333,img_010_barbarasbakerypuffinsoriginal.jpg,../img/cropped/img_010_barbarasbakerypuffinsoriginal_cropped.png
10,Family,58,http://cerealfacts.org/media/cereal_images/BarbarasBakeryPuffinsPeanutButterChocolate.jpg,20%,10%,350,6,3,105,110,30,11,http://cerealfacts.org/cereal_nutrition_scores.aspx?id=11,20,10,3.66666666667,img_011_barbarasbakerypuffinspeanutbutterchocolate.jpg,../img/cropped/img_011_barbarasbakerypuffinspeanutbutterchocolate_cropped.png
11,Family,68,http://cerealfacts.org/media/cereal_images/BarbarasBakeryPuffinsMultigrain.jpg,20%,10%,267,6,3,80,110,30,12,http://cerealfacts.org/cereal_nutrition_scores.aspx?id=12,20,10,3.66666666667,img_012_barbarasbakerypuffinsmultigrain.jpg,../img/cropped/img_012_barbarasbakerypuffinsmultigrain_cropped.png
12,Family,50,http://cerealfacts.org/media/cereal_images/BarbarasBakeryShreddedOatsCinnamonCrunch.jpg,27%,7%,400,15,4,220,230,55,13,http://cerealfacts.org/cereal_nutrition_scores.aspx?id=13,27,7,4.18181818182,img_013_barbarasbakeryshreddedoatscinnamoncrunch.jpg,../img/cropped/img_013_barbarasbakeryshreddedoatscinnamoncrunch_cropped.png
13,Adult,52,http://cerealfacts.org/media/cereal_images/BarbarasBakeryShreddedOatsVanillaAlmond.jpg,27%,7%,382,15,4,210,220,55,14,http://cerealfacts.org/cereal_nutrition_scores.aspx?id=14,27,7,4.0,img_014_barbarasbakeryshreddedoatsvanillaalmond.jpg,../img/cropped/img_014_barbarasbakeryshreddedoatsvanillaalmond_cropped.png
14,Adult,56,http://cerealfacts.org/media/cereal_images/BarbarasBakeryShreddedOatsOriginal.jpg,21%,9%,448,12,5,260,220,58,15,http://cerealfacts.org/cereal_nutrition_scores.aspx?id=15,21,9,3.79310344828,img_015_barbarasbakeryshreddedoatsoriginal.jpg,../img/cropped/img_015_barbarasbakeryshreddedoatsoriginal_cropped.png
15,Adult,54,http://cerealfacts.org/media/cereal_images/BarbarasBakeryShreddedSpoonfulsMultigrain.jpg,16%,12%,625,5,4,200,120,32,16,http://cerealfacts.org/cereal_nutrition_scores.aspx?id=16,16,12,3.75,img_016_barbarasbakeryshreddedspoonfulsmultigrain.jpg,../img/cropped/img_016_barbarasbakeryshreddedspoonfulsmultigrain_cropped.png
16,Adult,82,http://cerealfacts.org/media/cereal_images/BarbarasBakeryShreddedWheat.jpg,0%,12%,0,0,5,0,140,40,17,http://cerealfacts.org/cereal_nutrition_scores.aspx?id=17,0,12,3.5,img_017_barbarasbakeryshreddedwheat.jpg,../img/cropped/img_017_barbarasbakeryshreddedwheat_cropped.png
17,Adult,58,http://cerealfacts.org/media/cereal_images/BarbarasBakeryShreddedMinisBlueberryBurst.jpg,25%,7%,255,14,4,140,220,55,18,http://cerealfacts.org/cereal_nutrition_scores.aspx?id=18,25,7,4.0,img_018_barbarasbakeryshreddedminisblueberryburst.jpg,../img/cropped/img_018_barbarasbakeryshreddedminisblueberryburst_cropped.png
18,Adult,70,http://cerealfacts.org/media/cereal_images/BarbarasBakeryUltimaOrganicCranberry.jpg,20%,18%,255,11,10,140,190,55,19,http://cerealfacts.org/cereal_nutrition_scores.aspx?id=19,20,18,3.45454545455,img_019_barbarasbakeryultimaorganiccranberry.jpg,../img/cropped/img_019_barbarasbakeryultimaorganiccranberry_cropped.png
19,Adult,72,http://cerealfacts.org/media/cereal_images/BarbarasBakeryUltimaOrganicFlaxGranola.jpg,16%,18%,255,9,10,140,200,55,20,http://cerealfacts.org/cereal_nutrition_scores.aspx?id=20,16,18,3.63636363636,img_020_barbarasbakeryultimaorganicflaxgranola.jpg,../img/cropped/img_020_barbarasbakeryultimaorganicflaxgranola_cropped.png
20,Adult,72,http://cerealfacts.org/media/cereal_images/BarbarasBakeryUltimaOrganicHighFiberOriginal.jpg,15%,25%,255,8,14,140,180,55,21,http://cerealfacts.org/cereal_nutrition_scores.aspx?id=21,15,25,3.27272727273,img_021_barbarasbakeryultimaorganichighfiberoriginal.jpg,../img/cropped/img_021_barbarasbakeryultimaorganichighfiberoriginal_cropped.png
21,Adult,54,http://cerealfacts.org/media/cereal_images/BarbarasBakeryHoleNOatsHoneyNut.jpg,33%,7%,267,10,2,80,120,30,22,http://cerealfacts.org/cereal_nutrition_scores.aspx?id=22,33,7,4.0,img_022_barbarasbakeryholenoatshoneynut.jpg,../img/cropped/img_022_barbarasbakeryholenoatshoneynut_cropped.png
22,Adult,78,http://cerealfacts.org/media/cereal_images/BarbarasBakeryHoleNOatsFruitJuiceSweetened.jpg,3%,10%,267,1,3,80,120,30,23,http://cerealfacts.org/cereal_nutrition_scores.aspx?id=23,3,10,4.0,img_023_barbarasbakeryholenoatsfruitjuicesweetened.jpg,../img/cropped/img_023_barbarasbakeryholenoatsfruitjuicesweetened_cropped.png
23,Adult,68,http://cerealfacts.org/media/cereal_images/BarbarasBakeryCornFlakes.jpg,10%,3%,267,3,1,80,110,30,24,http://cerealfacts.org/cereal_nutrition_scores.aspx?id=24,10,3,3.66666666667,img_024_barbarasbakerycornflakes.jpg,../img/cropped/img_024_barbarasbakerycornflakes_cropped.png
24,Adult,70,http://cerealfacts.org/media/cereal_images/BarbarasBakeryBrownRiceCrisps.jpg,3%,3%,317,1,1,95,120,30,25,http://cerealfacts.org/cereal_nutrition_scores.aspx?id=25,3,3,4.0,img_025_barbarasbakerybrownricecrisps.jpg,../img/cropped/img_025_barbarasbakerybrownricecrisps_cropped.png
25,Family,50,http://cerealfacts.org/media/cereal_images/CFCinnamonCrunch.jpg,30%,11%,389,8,3,105,110,27,26,http://cerealfacts.org/cereal_nutrition_scores.aspx?id=26,30,11,4.07407407407,img_026_cfcinnamoncrunch.jpg,../img/cropped/img_026_cfcinnamoncrunch_cropped.png
26,Child,52,http://cerealfacts.org/media/cereal_images/CFCliffordCrunch.jpg,27%,10%,533,8,3,160,110,30,27,http://cerealfacts.org/cereal_nutrition_scores.aspx?id=27,27,10,3.66666666667,img_027_cfcliffordcrunch.jpg,../img/cropped/img_027_cfcliffordcrunch_cropped.png
27,Adult,50,http://cerealfacts.org/media/cereal_images/CFGranolaCinnamonRaisin.jpg,29%,5%,364,16,3,200,210,55,28,http://cerealfacts.org/cereal_nutrition_scores.aspx?id=28,29,5,3.81818181818,img_028_cfgranolacinnamonraisin.jpg,../img/cropped/img_028_cfgranolacinnamonraisin_cropped.png
28,Adult,54,http://cerealfacts.org/media/cereal_images/CFGranolaFruitNut.jpg,27%,6%,183,14,3,95,210,52,29,http://cerealfacts.org/cereal_nutrition_scores.aspx?id=29,27,6,4.03846153846,img_029_cfgranolafruitnut.jpg,../img/cropped/img_029_cfgranolafruitnut_cropped.png
29,Adult,54,http://cerealfacts.org/media/cereal_images/CFGranolaMapleBrownSugar.jpg,25%,5%,291,14,3,160,220,55,30,http://cerealfacts.org/cereal_nutrition_scores.aspx?id=30,25,5,4.0,img_030_cfgranolamaplebrownsugar.jpg,../img/cropped/img_030_cfgranolamaplebrownsugar_cropped.png
30,Adult,54,http://cerealfacts.org/media/cereal_images/CFGranolaOatsHoney.jpg,24%,5%,218,13,3,120,230,55,31,http://cerealfacts.org/cereal_nutrition_scores.aspx?id=31,24,5,4.18181818182,img_031_cfgranolaoatshoney.jpg,../img/cropped/img_031_cfgranolaoatshoney_cropped.png
31,Adult,56,http://cerealfacts.org/media/cereal_images/CFGranolaFrenchVanillaAlmond.jpg,26%,6%,170,13,3,85,210,50,32,http://cerealfacts.org/cereal_nutrition_scores.aspx?id=32,26,6,4.2,img_032_cfgranolafrenchvanillaalmond.jpg,../img/cropped/img_032_cfgranolafrenchvanillaalmond_cropped.png
32,Adult,52,http://cerealfacts.org/media/cereal_images/CFGranolaDarkChocolateAlmond.jpg,27%,8%,308,14,4,160,210,52,33,http://cerealfacts.org/cereal_nutrition_scores.aspx?id=33,27,8,4.03846153846,img_033_cfgranoladarkchocolatealmond.jpg,../img/cropped/img_033_cfgranoladarkchocolatealmond_cropped.png
33,Adult,48,http://cerealfacts.org/media/cereal_images/CFHeartyMorning.jpg,20%,15%,655,11,8,360,200,55,34,http://cerealfacts.org/cereal_nutrition_scores.aspx?id=34,20,15,3.63636363636,img_034_cfheartymorning.jpg,../img/cropped/img_034_cfheartymorning_cropped.png
34,Family,50,http://cerealfacts.org/media/cereal_images/CFHoneyNutOs.jpg,23%,10%,567,7,3,170,110,30,35,http://cerealfacts.org/cereal_nutrition_scores.aspx?id=35,23,10,3.66666666667,img_035_cfhoneynutos.jpg,../img/cropped/img_035_cfhoneynutos_cropped.png
35,Adult,70,http://cerealfacts.org/media/cereal_images/CFMultigrainSquares.jpg,13%,7%,383,4,2,115,110,30,36,http://cerealfacts.org/cereal_nutrition_scores.aspx?id=36,13,7,3.66666666667,img_036_cfmultigrainsquares.jpg,../img/cropped/img_036_cfmultigrainsquares_cropped.png
36,Family,58,http://cerealfacts.org/media/cereal_images/CFPurelyOs.jpg,3%,10%,633,1,3,190,110,30,37,http://cerealfacts.org/cereal_nutrition_scores.aspx?id=37,3,10,3.66666666667,img_037_cfpurelyos.jpg,../img/cropped/img_037_cfpurelyos_cropped.png
37,Adult,50,http://cerealfacts.org/media/cereal_images/CFRaisinBran.jpg,25%,11%,618,14,6,340,180,55,38,http://cerealfacts.org/cereal_nutrition_scores.aspx?id=38,25,11,3.27272727273,img_038_cfraisinbran.jpg,../img/cropped/img_038_cfraisinbran_cropped.png
38,Family,54,http://cerealfacts.org/media/cereal_images/CFChocolateOs.jpg,29%,11%,339,8,3,95,100,28,39,http://cerealfacts.org/cereal_nutrition_scores.aspx?id=39,29,11,3.57142857143,img_039_cfchocolateos.jpg,../img/cropped/img_039_cfchocolateos_cropped.png
39,Family,50,http://cerealfacts.org/media/cereal_images/CFFruitfulOs.jpg,29%,11%,464,8,3,130,100,28,40,http://cerealfacts.org/cereal_nutrition_scores.aspx?id=40,29,11,3.57142857143,img_040_cffruitfulos.jpg,../img/cropped/img_040_cffruitfulos_cropped.png
40,Adult,50,http://cerealfacts.org/media/cereal_images/GMBasic4.jpg,24%,7%,509,13,4,280,200,55,41,http://cerealfacts.org/cereal_nutrition_scores.aspx?id=41,24,7,3.63636363636,img_041_gmbasic4.jpg,../img/cropped/img_041_gmbasic4_cropped.png
41,Family,44,http://cerealfacts.org/media/cereal_images/GMBooBerry.jpg,30%,3%,576,10,1,190,130,33,42,http://cerealfacts.org/cereal_nutrition_scores.aspx?id=42,30,3,3.93939393939,img_042_gmbooberry.jpg,../img/cropped/img_042_gmbooberry_cropped.png
42,Family,50,http://cerealfacts.org/media/cereal_images/GMCheeriosAppleCinnamon.jpg,33%,7%,383,10,2,115,120,30,43,http://cerealfacts.org/cereal_nutrition_scores.aspx?id=43,33,7,4.0,img_043_gmcheeriosapplecinnamon.jpg,../img/cropped/img_043_gmcheeriosapplecinnamon_cropped.png
43,Family,46,http://cerealfacts.org/media/cereal_images/GMCheeriosBananaNut.jpg,32%,7%,571,9,2,160,100,28,44,http://cerealfacts.org/cereal_nutrition_scores.aspx?id=44,32,7,3.57142857143,img_044_gmcheeriosbanananut.jpg,../img/cropped/img_044_gmcheeriosbanananut_cropped.png
44,Child,46,http://cerealfacts.org/media/cereal_images/GMCheeriosHoneyNut.jpg,32%,7%,571,9,2,160,110,28,45,http://cerealfacts.org/cereal_nutrition_scores.aspx?id=45,32,7,3.92857142857,img_045_gmcheerioshoneynut.jpg,../img/cropped/img_045_gmcheerioshoneynut_cropped.png
45,Family,46,http://cerealfacts.org/media/cereal_images/GMCheeriosFrosted.jpg,32%,7%,607,9,2,170,110,28,46,http://cerealfacts.org/cereal_nutrition_scores.aspx?id=46,32,7,3.92857142857,img_046_gmcheeriosfrosted.jpg,../img/cropped/img_046_gmcheeriosfrosted_cropped.png
46,Family,48,http://cerealfacts.org/media/cereal_images/GMCheeriosFruity.jpg,33%,7%,500,9,2,135,100,27,47,http://cerealfacts.org/cereal_nutrition_scores.aspx?id=47,33,7,3.7037037037,img_047_gmcheeriosfruity.jpg,../img/cropped/img_047_gmcheeriosfruity_cropped.png
47,Family,56,http://cerealfacts.org/media/cereal_images/GMCheeriosMultigrain.jpg,21%,10%,414,6,3,120,110,29,48,http://cerealfacts.org/cereal_nutrition_scores.aspx?id=48,21,10,3.79310344828,img_048_gmcheeriosmultigrain.jpg,../img/cropped/img_048_gmcheeriosmultigrain_cropped.png
48,Family,50,http://cerealfacts.org/media/cereal_images/GMCheeriosOatClusterCrunch.jpg,30%,7%,500,8,2,135,100,27,49,http://cerealfacts.org/cereal_nutrition_scores.aspx?id=49,30,7,3.7037037037,img_049_gmcheeriosoatclustercrunch.jpg,../img/cropped/img_049_gmcheeriosoatclustercrunch_cropped.png
49,Family,70,http://cerealfacts.org/media/cereal_images/GMCheeriosRegular.jpg,4%,11%,571,1,3,160,100,28,50,http://cerealfacts.org/cereal_nutrition_scores.aspx?id=50,4,11,3.57142857143,img_050_gmcheeriosregular.jpg,../img/cropped/img_050_gmcheeriosregular_cropped.png
50,Family,46,http://cerealfacts.org/media/cereal_images/GMCheeriosYogurtBurstStrawberry.jpg,30%,7%,600,9,2,180,120,30,51,http://cerealfacts.org/cereal_nutrition_scores.aspx?id=51,30,7,4.0,img_051_gmcheeriosyogurtburststrawberry.jpg,../img/cropped/img_051_gmcheeriosyogurtburststrawberry_cropped.png
51,Family,48,http://cerealfacts.org/media/cereal_images/GMCheeriosMultigrainPeanutButter.jpg,32%,7%,464,9,2,130,110,28,52,http://cerealfacts.org/cereal_nutrition_scores.aspx?id=52,32,7,3.92857142857,img_052_gmcheeriosmultigrainpeanutbutter.jpg,../img/cropped/img_052_gmcheeriosmultigrainpeanutbutter_cropped.png
52,Family,52,http://cerealfacts.org/media/cereal_images/GMCheeriosCinnamonBurst.jpg,28%,16%,391,9,5,125,110,32,53,http://cerealfacts.org/cereal_nutrition_scores.aspx?id=53,28,16,3.4375,img_053_gmcheerioscinnamonburst.jpg,../img/cropped/img_053_gmcheerioscinnamonburst_cropped.png
53,Family,46,http://cerealfacts.org/media/cereal_images/GMCheeriosChocolate.jpg,33%,7%,630,9,2,170,100,27,54,http://cerealfacts.org/cereal_nutrition_scores.aspx?id=54,33,7,3.7037037037,img_054_gmcheerioschocolate.jpg,../img/cropped/img_054_gmcheerioschocolate_cropped.png
54,Family,46,http://cerealfacts.org/media/cereal_images/GMChexChocolate.jpg,33%,7%,630,9,2,170,100,27,55,http://cerealfacts.org/cereal_nutrition_scores.aspx?id=55,33,7,3.7037037037,img_055_gmchexchocolate.jpg,../img/cropped/img_055_gmchexchocolate_cropped.png
55,Family,46,http://cerealfacts.org/media/cereal_images/GMChexCinnamon.jpg,27%,3%,600,8,1,180,120,30,56,http://cerealfacts.org/cereal_nutrition_scores.aspx?id=56,27,3,4.0,img_056_gmchexcinnamon.jpg,../img/cropped/img_056_gmchexcinnamon_cropped.png
56,Family,52,http://cerealfacts.org/media/cereal_images/GMChexCorn.jpg,10%,6%,774,3,2,240,120,31,57,http://cerealfacts.org/cereal_nutrition_scores.aspx?id=57,10,6,3.87096774194,img_057_gmchexcorn.jpg,../img/cropped/img_057_gmchexcorn_cropped.png
57,Family,44,http://cerealfacts.org/media/cereal_images/GMChexHoneyNut.jpg,28%,3%,625,9,1,200,120,32,58,http://cerealfacts.org/cereal_nutrition_scores.aspx?id=58,28,3,3.75,img_058_gmchexhoneynut.jpg,../img/cropped/img_058_gmchexhoneynut_cropped.png
58,Family,52,http://cerealfacts.org/media/cereal_images/GMChexMultiBran.jpg,21%,13%,574,10,6,270,160,47,59,http://cerealfacts.org/cereal_nutrition_scores.aspx?id=59,21,13,3.40425531915,img_059_gmchexmultibran.jpg,../img/cropped/img_059_gmchexmultibran_cropped.png
59,Family,50,http://cerealfacts.org/media/cereal_images/GMChexRice.jpg,7%,4%,889,2,1,240,100,27,60,http://cerealfacts.org/cereal_nutrition_scores.aspx?id=60,7,4,3.7037037037,img_060_gmchexrice.jpg,../img/cropped/img_060_gmchexrice_cropped.png
60,Family,56,http://cerealfacts.org/media/cereal_images/GMChexWheat.jpg,11%,13%,574,5,6,270,160,47,61,http://cerealfacts.org/cereal_nutrition_scores.aspx?id=61,11,13,3.40425531915,img_061_gmchexwheat.jpg,../img/cropped/img_061_gmchexwheat_cropped.png
61,Child,40,http://cerealfacts.org/media/cereal_images/GMCinnamonToastCrunchRegular.jpg,32%,6%,710,10,2,220,130,31,62,http://cerealfacts.org/cereal_nutrition_scores.aspx?id=62,32,6,4.1935483871,img_062_gmcinnamontoastcrunchregular.jpg,../img/cropped/img_062_gmcinnamontoastcrunchregular_cropped.png
62,Child,42,http://cerealfacts.org/media/cereal_images/GMFrenchToastCrunch.jpg,30%,3%,567,9,1,170,120,30,63,http://cerealfacts.org/cereal_nutrition_scores.aspx?id=63,30,3,4.0,img_063_gmfrenchtoastcrunch.jpg,../img/cropped/img_063_gmfrenchtoastcrunch_cropped.png
63,Child,46,http://cerealfacts.org/media/cereal_images/GMCocoaPuffsBrownieCrunch.jpg,33%,7%,481,9,2,130,110,27,64,http://cerealfacts.org/cereal_nutrition_scores.aspx?id=64,33,7,4.07407407407,img_064_gmcocoapuffsbrowniecrunch.jpg,../img/cropped/img_064_gmcocoapuffsbrowniecrunch_cropped.png
64,Child,44,http://cerealfacts.org/media/cereal_images/GMCocoaPuffsRegular.jpg,37%,7%,556,10,2,150,100,27,65,http://cerealfacts.org/cereal_nutrition_scores.aspx?id=65,37,7,3.7037037037,img_065_gmcocoapuffsregular.jpg,../img/cropped/img_065_gmcocoapuffsregular_cropped.png
65,Child,46,http://cerealfacts.org/media/cereal_images/GMCookieCrispRegular.jpg,35%,4%,462,9,1,120,100,26,66,http://cerealfacts.org/cereal_nutrition_scores.aspx?id=66,35,4,3.84615384615,img_066_gmcookiecrispregular.jpg,../img/cropped/img_066_gmcookiecrispregular_cropped.png
66,Child,48,http://cerealfacts.org/media/cereal_images/GMCookieCrispSprinkles.jpg,33%,4%,444,9,1,120,100,27,67,http://cerealfacts.org/cereal_nutrition_scores.aspx?id=67,33,4,3.7037037037,img_067_gmcookiecrispsprinkles.jpg,../img/cropped/img_067_gmcookiecrispsprinkles_cropped.png
67,Family,42,http://cerealfacts.org/media/cereal_images/GMCountChocula.jpg,37%,4%,593,10,1,160,100,27,68,http://cerealfacts.org/cereal_nutrition_scores.aspx?id=68,37,4,3.7037037037,img_068_gmcountchocula.jpg,../img/cropped/img_068_gmcountchocula_cropped.png
68,Adult,54,http://cerealfacts.org/media/cereal_images/GMCurvesFruitNutCrunch.jpg,20%,10%,490,10,5,240,170,49,69,http://cerealfacts.org/cereal_nutrition_scores.aspx?id=69,20,10,3.4693877551,img_069_gmcurvesfruitnutcrunch.jpg,../img/cropped/img_069_gmcurvesfruitnutcrunch_cropped.png
69,Adult,54,http://cerealfacts.org/media/cereal_images/GMCurvesHoneyCrunch.jpg,17%,9%,547,9,5,290,190,53,70,http://cerealfacts.org/cereal_nutrition_scores.aspx?id=70,17,9,3.58490566038,img_070_gmcurveshoneycrunch.jpg,../img/cropped/img_070_gmcurveshoneycrunch_cropped.png
70,Adult,52,http://cerealfacts.org/media/cereal_images/GMCurvesWholeGrainCrunch.jpg,15%,7%,667,4,2,180,100,27,71,http://cerealfacts.org/cereal_nutrition_scores.aspx?id=71,15,7,3.7037037037,img_071_gmcurveswholegraincrunch.jpg,../img/cropped/img_071_gmcurveswholegraincrunch_cropped.png
71,Child,52,http://cerealfacts.org/media/cereal_images/GMDoraTheExplorer.jpg,22%,11%,556,6,3,150,100,27,72,http://cerealfacts.org/cereal_nutrition_scores.aspx?id=72,22,11,3.7037037037,img_072_gmdoratheexplorer.jpg,../img/cropped/img_072_gmdoratheexplorer_cropped.png
72,Adult,54,http://cerealfacts.org/media/cereal_images/GMFiberOneCaramelDelight.jpg,20%,18%,460,10,9,230,180,50,73,http://cerealfacts.org/cereal_nutrition_scores.aspx?id=73,20,18,3.6,img_073_gmfiberonecarameldelight.jpg,../img/cropped/img_073_gmfiberonecarameldelight_cropped.png
73,Adult,74,http://cerealfacts.org/media/cereal_images/GMFiberOneFrostedShreddedWheat.jpg,20%,15%,0,12,9,0,200,60,74,http://cerealfacts.org/cereal_nutrition_scores.aspx?id=74,20,15,3.33333333333,img_074_gmfiberonefrostedshreddedwheat.jpg,../img/cropped/img_074_gmfiberonefrostedshreddedwheat_cropped.png
74,Adult,68,http://cerealfacts.org/media/cereal_images/GMFiberOneHoneyClusters.jpg,12%,25%,442,6,13,230,160,52,75,http://cerealfacts.org/cereal_nutrition_scores.aspx?id=75,12,25,3.07692307692,img_075_gmfiberonehoneyclusters.jpg,../img/cropped/img_075_gmfiberonehoneyclusters_cropped.png
75,Adult,78,http://cerealfacts.org/media/cereal_images/GMFiberOneOriginalBran.jpg,0%,47%,350,0,14,105,60,30,76,http://cerealfacts.org/cereal_nutrition_scores.aspx?id=76,0,47,2.0,img_076_gmfiberoneoriginalbran.jpg,../img/cropped/img_076_gmfiberoneoriginalbran_cropped.png
76,Adult,56,http://cerealfacts.org/media/cereal_images/GMFiberOneRaisinBranClusters.jpg,25%,20%,382,14,11,210,170,55,77,http://cerealfacts.org/cereal_nutrition_scores.aspx?id=77,25,20,3.09090909091,img_077_gmfiberoneraisinbranclusters.jpg,../img/cropped/img_077_gmfiberoneraisinbranclusters_cropped.png
77,Adult,64,http://cerealfacts.org/media/cereal_images/GMFiberOne80CaloriesHoneySquares.jpg,10%,33%,467,3,10,140,80,30,78,http://cerealfacts.org/cereal_nutrition_scores.aspx?id=78,10,33,2.66666666667,img_078_gmfiberone80calorieshoneysquares.jpg,../img/cropped/img_078_gmfiberone80calorieshoneysquares_cropped.png
78,Family,44,http://cerealfacts.org/media/cereal_images/GMFrankenBerry.jpg,30%,3%,576,10,1,190,130,33,79,http://cerealfacts.org/cereal_nutrition_scores.aspx?id=79,30,3,3.93939393939,img_079_gmfrankenberry.jpg,../img/cropped/img_079_gmfrankenberry_cropped.png
79,Family,42,http://cerealfacts.org/media/cereal_images/GMGoldenGrahams.jpg,32%,6%,774,10,2,240,120,31,80,http://cerealfacts.org/cereal_nutrition_scores.aspx?id=80,32,6,3.87096774194,img_080_gmgoldengrahams.jpg,../img/cropped/img_080_gmgoldengrahams_cropped.png
80,Adult,52,http://cerealfacts.org/media/cereal_images/GMHoneyNutClusters.jpg,25%,7%,509,14,4,290,210,57,81,http://cerealfacts.org/cereal_nutrition_scores.aspx?id=81,25,7,3.68421052632,img_081_gmhoneynutclusters.jpg,../img/cropped/img_081_gmhoneynutclusters_cropped.png
81,Family,54,http://cerealfacts.org/media/cereal_images/GMKixBerryBerry.jpg,21%,6%,515,7,2,170,120,33,82,http://cerealfacts.org/cereal_nutrition_scores.aspx?id=82,21,6,3.63636363636,img_082_gmkixberryberry.jpg,../img/cropped/img_082_gmkixberryberry_cropped.png
82,Family,52,http://cerealfacts.org/media/cereal_images/GMKixHoney.jpg,18%,9%,576,6,3,190,120,33,83,http://cerealfacts.org/cereal_nutrition_scores.aspx?id=83,18,9,3.63636363636,img_083_gmkixhoney.jpg,../img/cropped/img_083_gmkixhoney_cropped.png
83,Family,56,http://cerealfacts.org/media/cereal_images/GMKixRegular.jpg,10%,10%,600,3,3,180,110,30,84,http://cerealfacts.org/cereal_nutrition_scores.aspx?id=84,10,10,3.66666666667,img_084_gmkixregular.jpg,../img/cropped/img_084_gmkixregular_cropped.png
84,Child,42,http://cerealfacts.org/media/cereal_images/GMLuckyCharmsRegular.jpg,37%,7%,630,10,2,170,110,27,85,http://cerealfacts.org/cereal_nutrition_scores.aspx?id=85,37,7,4.07407407407,img_085_gmluckycharmsregular.jpg,../img/cropped/img_085_gmluckycharmsregular_cropped.png
85,Child,42,http://cerealfacts.org/media/cereal_images/GMLuckyCharmsChocolate.jpg,36%,4%,571,10,1,160,110,28,86,http://cerealfacts.org/cereal_nutrition_scores.aspx?id=86,36,4,3.92857142857,img_086_gmluckycharmschocolate.jpg,../img/cropped/img_086_gmluckycharmschocolate_cropped.png
86,Adult,58,http://cerealfacts.org/media/cereal_images/GMOatmealCrispCrunchyAlmond.jpg,27%,8%,208,16,5,125,230,60,87,http://cerealfacts.org/cereal_nutrition_scores.aspx?id=87,27,8,3.83333333333,img_087_gmoatmealcrispcrunchyalmond.jpg,../img/cropped/img_087_gmoatmealcrispcrunchyalmond_cropped.png
87,Adult,56,http://cerealfacts.org/media/cereal_images/GMOatmealCrispHeartyRaisin.jpg,31%,8%,194,19,5,120,230,62,88,http://cerealfacts.org/cereal_nutrition_scores.aspx?id=88,31,8,3.70967741935,img_088_gmoatmealcrispheartyraisin.jpg,../img/cropped/img_088_gmoatmealcrispheartyraisin_cropped.png
88,Adult,48,http://cerealfacts.org/media/cereal_images/GMRaisinNutBran.jpg,29%,10%,469,14,5,230,180,49,89,http://cerealfacts.org/cereal_nutrition_scores.aspx?id=89,29,10,3.67346938776,img_089_gmraisinnutbran.jpg,../img/cropped/img_089_gmraisinnutbran_cropped.png
89,Child,38,http://cerealfacts.org/media/cereal_images/GMReesesPuffs.jpg,34%,3%,552,10,1,160,120,29,90,http://cerealfacts.org/cereal_nutrition_scores.aspx?id=90,34,3,4.13793103448,img_090_gmreesespuffs.jpg,../img/cropped/img_090_gmreesespuffs_cropped.png
90,Adult,52,http://cerealfacts.org/media/cereal_images/GMTotalRaisinBran.jpg,32%,9%,434,17,5,230,160,53,91,http://cerealfacts.org/cereal_nutrition_scores.aspx?id=91,32,9,3.01886792453,img_091_gmtotalraisinbran.jpg,../img/cropped/img_091_gmtotalraisinbran_cropped.png
91,Adult,52,http://cerealfacts.org/media/cereal_images/GMTotalWholeGrain.jpg,17%,10%,633,5,3,190,100,30,92,http://cerealfacts.org/cereal_nutrition_scores.aspx?id=92,17,10,3.33333333333,img_092_gmtotalwholegrain.jpg,../img/cropped/img_092_gmtotalwholegrain_cropped.png
92,Adult,70,http://cerealfacts.org/media/cereal_images/GMTotalHoneyAlmondFlax.jpg,26%,8%,170,14,4,90,200,53,93,http://cerealfacts.org/cereal_nutrition_scores.aspx?id=93,26,8,3.77358490566,img_093_gmtotalhoneyalmondflax.jpg,../img/cropped/img_093_gmtotalhoneyalmondflax_cropped.png
93,Child,42,http://cerealfacts.org/media/cereal_images/GMTrix.jpg,31%,3%,562,10,1,180,120,32,94,http://cerealfacts.org/cereal_nutrition_scores.aspx?id=94,31,3,3.75,img_094_gmtrix.jpg,../img/cropped/img_094_gmtrix_cropped.png
94,Adult,52,http://cerealfacts.org/media/cereal_images/GMWheaties.jpg,15%,11%,704,4,3,190,100,27,95,http://cerealfacts.org/cereal_nutrition_scores.aspx?id=95,15,11,3.7037037037,img_095_gmwheaties.jpg,../img/cropped/img_095_gmwheaties_cropped.png
95,Adult,58,http://cerealfacts.org/media/cereal_images/GMWheatiesFuel.jpg,25%,15%,255,14,8,140,190,55,96,http://cerealfacts.org/cereal_nutrition_scores.aspx?id=96,25,15,3.45454545455,img_096_gmwheatiesfuel.jpg,../img/cropped/img_096_gmwheatiesfuel_cropped.png
96,Adult,50,http://cerealfacts.org/media/cereal_images/KelloggAllBranBranBuds.jpg,27%,43%,700,8,13,210,80,30,97,http://cerealfacts.org/cereal_nutrition_scores.aspx?id=97,27,43,2.66666666667,img_097_kelloggallbranbranbuds.jpg,../img/cropped/img_097_kelloggallbranbranbuds_cropped.png
97,Adult,52,http://cerealfacts.org/media/cereal_images/KelloggAllBranCompleteWheatFlakes.jpg,17%,17%,724,5,5,210,90,29,98,http://cerealfacts.org/cereal_nutrition_scores.aspx?id=98,17,17,3.10344827586,img_098_kelloggallbrancompletewheatflakes.jpg,../img/cropped/img_098_kelloggallbrancompletewheatflakes_cropped.png
98,Adult,72,http://cerealfacts.org/media/cereal_images/KelloggAllBranOriginal.jpg,19%,32%,258,6,10,80,80,31,99,http://cerealfacts.org/cereal_nutrition_scores.aspx?id=99,19,32,2.58064516129,img_099_kelloggallbranoriginal.jpg,../img/cropped/img_099_kelloggallbranoriginal_cropped.png
99,Child,44,http://cerealfacts.org/media/cereal_images/KelloggAppleJacksRegular.jpg,43%,11%,464,12,3,130,100,28,100,http://cerealfacts.org/cereal_nutrition_scores.aspx?id=100,43,11,3.57142857143,img_100_kelloggapplejacksregular.jpg,../img/cropped/img_100_kelloggapplejacksregular_cropped.png
100,Child,42,http://cerealfacts.org/media/cereal_images/KelloggCocoaKrispiesRegular.jpg,39%,3%,419,12,1,130,120,31,101,http://cerealfacts.org/cereal_nutrition_scores.aspx?id=101,39,3,3.87096774194,img_101_kelloggcocoakrispiesregular.jpg,../img/cropped/img_101_kelloggcocoakrispiesregular_cropped.png
101,Adult,50,http://cerealfacts.org/media/cereal_images/KelloggCornFlakes.jpg,11%,4%,714,3,1,200,100,28,102,http://cerealfacts.org/cereal_nutrition_scores.aspx?id=102,11,4,3.57142857143,img_102_kelloggcornflakes.jpg,../img/cropped/img_102_kelloggcornflakes_cropped.png
102,Child,50,http://cerealfacts.org/media/cereal_images/KelloggCornPopsRegular.jpg,31%,9%,391,10,3,125,120,32,103,http://cerealfacts.org/cereal_nutrition_scores.aspx?id=103,31,9,3.75,img_103_kelloggcornpopsregular.jpg,../img/cropped/img_103_kelloggcornpopsregular_cropped.png
103,Adult,40,http://cerealfacts.org/media/cereal_images/KelloggCracklinOatBran.jpg,31%,12%,306,15,6,150,200,49,104,http://cerealfacts.org/cereal_nutrition_scores.aspx?id=104,31,12,4.08163265306,img_104_kelloggcracklinoatbran.jpg,../img/cropped/img_104_kelloggcracklinoatbran_cropped.png
104,Adult,46,http://cerealfacts.org/media/cereal_images/KelloggCrispix.jpg,14%,3%,759,4,1,220,110,29,105,http://cerealfacts.org/cereal_nutrition_scores.aspx?id=105,14,3,3.79310344828,img_105_kelloggcrispix.jpg,../img/cropped/img_105_kelloggcrispix_cropped.png
105,Adult,46,http://cerealfacts.org/media/cereal_images/KelloggCrunchyNutGoldenHoneyNut.jpg,32%,3%,435,10,1,135,120,31,106,http://cerealfacts.org/cereal_nutrition_scores.aspx?id=106,32,3,3.87096774194,img_106_kelloggcrunchynutgoldenhoneynut.jpg,../img/cropped/img_106_kelloggcrunchynutgoldenhoneynut_cropped.png
106,Adult,50,http://cerealfacts.org/media/cereal_images/KelloggCrunchyNutGoldenHoneyNut.jpg,37%,7%,352,10,2,95,100,27,107,http://cerealfacts.org/cereal_nutrition_scores.aspx?id=107,37,7,3.7037037037,img_107_kelloggcrunchynutgoldenhoneynut.jpg,../img/cropped/img_107_kelloggcrunchynutgoldenhoneynut_cropped.png
107,Adult,38,http://cerealfacts.org/media/cereal_images/KelloggCrunchyNutCaramelNut.jpg,32%,0%,484,10,0,150,120,31,108,http://cerealfacts.org/cereal_nutrition_scores.aspx?id=108,32,0,3.87096774194,img_108_kelloggcrunchynutcaramelnut.jpg,../img/cropped/img_108_kelloggcrunchynutcaramelnut_cropped.png
108,Adult,46,http://cerealfacts.org/media/cereal_images/KelloggEggoCerealMapleSyrup.jpg,39%,6%,484,12,2,150,120,31,109,http://cerealfacts.org/cereal_nutrition_scores.aspx?id=109,39,6,3.87096774194,img_109_kelloggeggocerealmaplesyrup.jpg,../img/cropped/img_109_kelloggeggocerealmaplesyrup_cropped.png
109,Adult,54,http://cerealfacts.org/media/cereal_images/KelloggFiberPlusAntioxidantsBerryYogurtCrunch.jpg,23%,19%,377,12,10,200,170,53,110,http://cerealfacts.org/cereal_nutrition_scores.aspx?id=110,23,19,3.20754716981,img_110_kelloggfiberplusantioxidantsberryyogurtcrunch.jpg,../img/cropped/img_110_kelloggfiberplusantioxidantsberryyogurtcrunch_cropped.png
110,Adult,54,http://cerealfacts.org/media/cereal_images/KelloggFiberPlusAntioxidantsCaramelPecanClusters.jpg,24%,18%,408,12,9,200,170,49,111,http://cerealfacts.org/cereal_nutrition_scores.aspx?id=111,24,18,3.4693877551,img_111_kelloggfiberplusantioxidantscaramelpecanclusters.jpg,../img/cropped/img_111_kelloggfiberplusantioxidantscaramelpecanclusters_cropped.png
111,Adult,56,http://cerealfacts.org/media/cereal_images/KelloggFiberPlusAnitoxidantsCinnamonOatCrunch.jpg,22%,28%,438,7,9,140,110,32,112,http://cerealfacts.org/cereal_nutrition_scores.aspx?id=112,22,28,3.4375,img_112_kelloggfiberplusanitoxidantscinnamonoatcrunch.jpg,../img/cropped/img_112_kelloggfiberplusanitoxidantscinnamonoatcrunch_cropped.png
112,Child,44,http://cerealfacts.org/media/cereal_images/KelloggFrootLoopsMarshmallows.jpg,48%,7%,379,14,2,110,110,29,113,http://cerealfacts.org/cereal_nutrition_scores.aspx?id=113,48,7,3.79310344828,img_113_kelloggfrootloopsmarshmallows.jpg,../img/cropped/img_113_kelloggfrootloopsmarshmallows_cropped.png
113,Child,42,http://cerealfacts.org/media/cereal_images/KelloggFrootLoopsRegular.jpg,41%,10%,466,12,3,135,110,29,114,http://cerealfacts.org/cereal_nutrition_scores.aspx?id=114,41,10,3.79310344828,img_114_kelloggfrootloopsregular.jpg,../img/cropped/img_114_kelloggfrootloopsregular_cropped.png
114,Child,52,http://cerealfacts.org/media/cereal_images/KelloggFrostedFlakesReducedSugar.jpg,27%,10%,533,8,3,160,110,30,115,http://cerealfacts.org/cereal_nutrition_scores.aspx?id=115,27,10,3.66666666667,img_115_kelloggfrostedflakesreducedsugar.jpg,../img/cropped/img_115_kelloggfrostedflakesreducedsugar_cropped.png
115,Child,42,http://cerealfacts.org/media/cereal_images/KelloggFrostedFlakesRegular.jpg,37%,3%,467,11,1,140,110,30,116,http://cerealfacts.org/cereal_nutrition_scores.aspx?id=116,37,3,3.66666666667,img_116_kelloggfrostedflakesregular.jpg,../img/cropped/img_116_kelloggfrostedflakesregular_cropped.png
116,Family,48,http://cerealfacts.org/media/cereal_images/KelloggHoneySmacks.jpg,56%,4%,148,15,1,40,100,27,117,http://cerealfacts.org/cereal_nutrition_scores.aspx?id=117,56,4,3.7037037037,img_117_kellogghoneysmacks.jpg,../img/cropped/img_117_kellogghoneysmacks_cropped.png
117,Adult,56,http://cerealfacts.org/media/cereal_images/KelloggLowFatGranolaWithRaisins.jpg,28%,7%,250,17,4,150,230,60,118,http://cerealfacts.org/cereal_nutrition_scores.aspx?id=118,28,7,3.83333333333,img_118_kellogglowfatgranolawithraisins.jpg,../img/cropped/img_118_kellogglowfatgranolawithraisins_cropped.png
118,Adult,54,http://cerealfacts.org/media/cereal_images/KelloggLowFatGranolaWithoutRaisins.jpg,29%,6%,255,14,3,125,190,49,119,http://cerealfacts.org/cereal_nutrition_scores.aspx?id=119,29,6,3.87755102041,img_119_kellogglowfatgranolawithoutraisins.jpg,../img/cropped/img_119_kellogglowfatgranolawithoutraisins_cropped.png
119,Family,74,http://cerealfacts.org/media/cereal_images/KelloggMiniWheatFrostedBigBite.jpg,21%,10%,0,12,6,0,200,58,120,http://cerealfacts.org/cereal_nutrition_scores.aspx?id=120,21,10,3.44827586207,img_120_kelloggminiwheatfrostedbigbite.jpg,../img/cropped/img_120_kelloggminiwheatfrostedbigbite_cropped.png
120,Family,74,http://cerealfacts.org/media/cereal_images/KelloggMiniWheatFrostedBiteSize.jpg,20%,11%,0,11,6,0,190,54,121,http://cerealfacts.org/cereal_nutrition_scores.aspx?id=121,20,11,3.51851851852,img_121_kelloggminiwheatfrostedbitesize.jpg,../img/cropped/img_121_kelloggminiwheatfrostedbitesize_cropped.png
121,Family,74,http://cerealfacts.org/media/cereal_images/KelloggMiniWheatFrostedBlueberryMuffin.jpg,22%,11%,0,12,6,0,190,55,122,http://cerealfacts.org/cereal_nutrition_scores.aspx?id=122,22,11,3.45454545455,img_122_kelloggminiwheatfrostedblueberrymuffin.jpg,../img/cropped/img_122_kelloggminiwheatfrostedblueberrymuffin_cropped.png
122,Family,74,http://cerealfacts.org/media/cereal_images/KelloggMiniWheatFrostedCinnamonStreusel.jpg,22%,11%,0,12,6,0,190,54,123,http://cerealfacts.org/cereal_nutrition_scores.aspx?id=123,22,11,3.51851851852,img_123_kelloggminiwheatfrostedcinnamonstreusel.jpg,../img/cropped/img_123_kelloggminiwheatfrostedcinnamonstreusel_cropped.png
123,Family,74,http://cerealfacts.org/media/cereal_images/KelloggMiniWheatFrostedMapleBrownSugar.jpg,22%,11%,0,12,6,0,190,55,124,http://cerealfacts.org/cereal_nutrition_scores.aspx?id=124,22,11,3.45454545455,img_124_kelloggminiwheatfrostedmaplebrownsugar.jpg,../img/cropped/img_124_kelloggminiwheatfrostedmaplebrownsugar_cropped.png
124,Family,74,http://cerealfacts.org/media/cereal_images/KelloggMiniWheatFrostedStrawberryDelight.jpg,22%,11%,0,12,6,0,190,55,125,http://cerealfacts.org/cereal_nutrition_scores.aspx?id=125,22,11,3.45454545455,img_125_kelloggminiwheatfrostedstrawberrydelight.jpg,../img/cropped/img_125_kelloggminiwheatfrostedstrawberrydelight_cropped.png
125,Family,82,http://cerealfacts.org/media/cereal_images/KelloggMiniWheatUnfrostedBiteSize.jpg,0%,15%,0,0,8,0,190,55,126,http://cerealfacts.org/cereal_nutrition_scores.aspx?id=126,0,15,3.45454545455,img_126_kelloggminiwheatunfrostedbitesize.jpg,../img/cropped/img_126_kelloggminiwheatunfrostedbitesize_cropped.png
126,Family,74,http://cerealfacts.org/media/cereal_images/KelloggMiniWheatFrostedMixedBerryTouchOfFruit.jpg,18%,11%,18,10,6,10,190,55,127,http://cerealfacts.org/cereal_nutrition_scores.aspx?id=127,18,11,3.45454545455,img_127_kelloggminiwheatfrostedmixedberrytouchoffruit.jpg,../img/cropped/img_127_kelloggminiwheatfrostedmixedberrytouchoffruit_cropped.png
127,Family,54,http://cerealfacts.org/media/cereal_images/KelloggMiniWheatLittleBitesChocolate.jpg,22%,11%,382,12,6,210,190,55,128,http://cerealfacts.org/cereal_nutrition_scores.aspx?id=128,22,11,3.45454545455,img_128_kelloggminiwheatlittlebiteschocolate.jpg,../img/cropped/img_128_kelloggminiwheatlittlebiteschocolate_cropped.png
128,Family,74,http://cerealfacts.org/media/cereal_images/KelloggMiniWheatLittleBitesCinnamonRoll.jpg,22%,11%,0,12,6,0,190,55,129,http://cerealfacts.org/cereal_nutrition_scores.aspx?id=129,22,11,3.45454545455,img_129_kelloggminiwheatlittlebitescinnamonroll.jpg,../img/cropped/img_129_kelloggminiwheatlittlebitescinnamonroll_cropped.png
129,Family,74,http://cerealfacts.org/media/cereal_images/KelloggMiniWheatFrostedOriginal.jpg,20%,11%,0,11,6,0,190,55,130,http://cerealfacts.org/cereal_nutrition_scores.aspx?id=130,20,11,3.45454545455,img_130_kelloggminiwheatfrostedoriginal.jpg,../img/cropped/img_130_kelloggminiwheatfrostedoriginal_cropped.png
130,Adult,58,http://cerealfacts.org/media/cereal_images/KelloggMueslix.jpg,25%,9%,255,14,5,140,200,55,131,http://cerealfacts.org/cereal_nutrition_scores.aspx?id=131,25,9,3.63636363636,img_131_kelloggmueslix.jpg,../img/cropped/img_131_kelloggmueslix_cropped.png
131,Adult,48,http://cerealfacts.org/media/cereal_images/KelloggProduct19.jpg,13%,3%,733,4,1,220,110,30,132,http://cerealfacts.org/cereal_nutrition_scores.aspx?id=132,13,3,3.66666666667,img_132_kelloggproduct19.jpg,../img/cropped/img_132_kelloggproduct19_cropped.png
132,Adult,50,http://cerealfacts.org/media/cereal_images/KelloggRaisinBranCrunch.jpg,36%,8%,377,19,4,200,190,53,133,http://cerealfacts.org/cereal_nutrition_scores.aspx?id=133,36,8,3.58490566038,img_133_kelloggraisinbrancrunch.jpg,../img/cropped/img_133_kelloggraisinbrancrunch_cropped.png
133,Adult,54,http://cerealfacts.org/media/cereal_images/KelloggRaisinBranRegular.jpg,31%,12%,356,18,7,210,190,59,134,http://cerealfacts.org/cereal_nutrition_scores.aspx?id=134,31,12,3.22033898305,img_134_kelloggraisinbranregular.jpg,../img/cropped/img_134_kelloggraisinbranregular_cropped.png
134,Child,38,http://cerealfacts.org/media/cereal_images/KelloggRiceKrispiesFrostedKrispies.jpg,40%,0%,367,12,0,110,110,30,135,http://cerealfacts.org/cereal_nutrition_scores.aspx?id=135,40,0,3.66666666667,img_135_kelloggricekrispiesfrostedkrispies.jpg,../img/cropped/img_135_kelloggricekrispiesfrostedkrispies_cropped.png
135,Child,38,http://cerealfacts.org/media/cereal_images/KelloggRiceKrispiesRiceKrispiesTreats.jpg,30%,0%,567,9,0,170,120,30,136,http://cerealfacts.org/cereal_nutrition_scores.aspx?id=136,30,0,4.0,img_136_kelloggricekrispiesricekrispiestreats.jpg,../img/cropped/img_136_kelloggricekrispiesricekrispiestreats_cropped.png
136,Child,52,http://cerealfacts.org/media/cereal_images/KelloggRiceKrispiesRegular.jpg,12%,3%,576,4,1,190,130,33,137,http://cerealfacts.org/cereal_nutrition_scores.aspx?id=137,12,3,3.93939393939,img_137_kelloggricekrispiesregular.jpg,../img/cropped/img_137_kelloggricekrispiesregular_cropped.png
137,Child,64,http://cerealfacts.org/media/cereal_images/KelloggRiceKrispiesGlutenFree.jpg,3%,3%,600,1,1,180,110,30,138,http://cerealfacts.org/cereal_nutrition_scores.aspx?id=138,3,3,3.66666666667,img_138_kelloggricekrispiesglutenfree.jpg,../img/cropped/img_138_kelloggricekrispiesglutenfree_cropped.png
138,Adult,48,http://cerealfacts.org/media/cereal_images/KelloggSmartStartOriginalAntioxidants.jpg,28%,6%,560,14,3,280,180,50,139,http://cerealfacts.org/cereal_nutrition_scores.aspx?id=139,28,6,3.6,img_139_kelloggsmartstartoriginalantioxidants.jpg,../img/cropped/img_139_kelloggsmartstartoriginalantioxidants_cropped.png
139,Adult,56,http://cerealfacts.org/media/cereal_images/KelloggSmartStartToastedOat.jpg,28%,8%,233,17,5,140,220,60,140,http://cerealfacts.org/cereal_nutrition_scores.aspx?id=140,28,8,3.66666666667,img_140_kelloggsmartstarttoastedoat.jpg,../img/cropped/img_140_kelloggsmartstarttoastedoat_cropped.png
140,Family,40,http://cerealfacts.org/media/cereal_images/KelloggSmorz.jpg,43%,3%,450,13,1,135,120,30,141,http://cerealfacts.org/cereal_nutrition_scores.aspx?id=141,43,3,4.0,img_141_kelloggsmorz.jpg,../img/cropped/img_141_kelloggsmorz_cropped.png
141,Adult,52,http://cerealfacts.org/media/cereal_images/KelloggSpecialKBlueberry.jpg,27%,10%,467,8,3,140,110,30,142,http://cerealfacts.org/cereal_nutrition_scores.aspx?id=142,27,10,3.66666666667,img_142_kelloggspecialkblueberry.jpg,../img/cropped/img_142_kelloggspecialkblueberry_cropped.png
142,Adult,36,http://cerealfacts.org/media/cereal_images/KelloggSpecialKChocolateyDelight.jpg,29%,10%,581,9,3,180,120,31,143,http://cerealfacts.org/cereal_nutrition_scores.aspx?id=143,29,10,3.87096774194,img_143_kelloggspecialkchocolateydelight.jpg,../img/cropped/img_143_kelloggspecialkchocolateydelight_cropped.png
143,Adult,48,http://cerealfacts.org/media/cereal_images/KelloggSpecialKCinnamonPecan.jpg,23%,10%,633,7,3,190,110,30,144,http://cerealfacts.org/cereal_nutrition_scores.aspx?id=144,23,10,3.66666666667,img_144_kelloggspecialkcinnamonpecan.jpg,../img/cropped/img_144_kelloggspecialkcinnamonpecan_cropped.png
144,Adult,50,http://cerealfacts.org/media/cereal_images/KelloggSpecialKFruitYogurt.jpg,31%,9%,438,10,3,140,120,32,145,http://cerealfacts.org/cereal_nutrition_scores.aspx?id=145,31,9,3.75,img_145_kelloggspecialkfruityogurt.jpg,../img/cropped/img_145_kelloggspecialkfruityogurt_cropped.png
145,Adult,70,http://cerealfacts.org/media/cereal_images/KelloggSpecialKProteinPlus.jpg,7%,17%,379,2,5,110,100,29,146,http://cerealfacts.org/cereal_nutrition_scores.aspx?id=146,7,17,3.44827586207,img_146_kelloggspecialkproteinplus.jpg,../img/cropped/img_146_kelloggspecialkproteinplus_cropped.png
146,Adult,48,http://cerealfacts.org/media/cereal_images/KelloggSpecialKRedBerries.jpg,29%,10%,613,9,3,190,110,31,147,http://cerealfacts.org/cereal_nutrition_scores.aspx?id=147,29,10,3.54838709677,img_147_kelloggspecialkredberries.jpg,../img/cropped/img_147_kelloggspecialkredberries_cropped.png
147,Adult,44,http://cerealfacts.org/media/cereal_images/KelloggSpecialKRegular.jpg,13%,0%,710,4,0,220,120,31,148,http://cerealfacts.org/cereal_nutrition_scores.aspx?id=148,13,0,3.87096774194,img_148_kelloggspecialkregular.jpg,../img/cropped/img_148_kelloggspecialkregular_cropped.png
148,Adult,48,http://cerealfacts.org/media/cereal_images/KelloggSpecialKVanillaAlmond.jpg,30%,10%,567,9,3,170,110,30,149,http://cerealfacts.org/cereal_nutrition_scores.aspx?id=149,30,10,3.66666666667,img_149_kelloggspecialkvanillaalmond.jpg,../img/cropped/img_149_kelloggspecialkvanillaalmond_cropped.png
149,Adult,50,http://cerealfacts.org/media/cereal_images/KelloggSpecialKMultigrainOatsHoney.jpg,28%,10%,483,8,3,140,100,29,150,http://cerealfacts.org/cereal_nutrition_scores.aspx?id=150,28,10,3.44827586207,img_150_kelloggspecialkmultigrainoatshoney.jpg,../img/cropped/img_150_kelloggspecialkmultigrainoatshoney_cropped.png
150,Adult,76,http://cerealfacts.org/media/cereal_images/KelloggSpecialKLowFatGranola.jpg,6%,10%,221,3,5,115,190,52,151,http://cerealfacts.org/cereal_nutrition_scores.aspx?id=151,6,10,3.65384615385,img_151_kelloggspecialklowfatgranola.jpg,../img/cropped/img_151_kelloggspecialklowfatgranola_cropped.png
151,Adult,56,http://cerealfacts.org/media/cereal_images/KelloggBearNakedCerealNutClusterCrunchHoneyAlmond.jpg,22%,6%,449,11,3,220,180,49,152,http://cerealfacts.org/cereal_nutrition_scores.aspx?id=152,22,6,3.67346938776,img_152_kelloggbearnakedcerealnutclustercrunchhoneyalmond.jpg,../img/cropped/img_152_kelloggbearnakedcerealnutclustercrunchhoneyalmond_cropped.png
152,Adult,56,http://cerealfacts.org/media/cereal_images/KelloggBearNakedCerealNutClusterCrunchMapleNut.jpg,22%,7%,441,13,4,260,220,59,153,http://cerealfacts.org/cereal_nutrition_scores.aspx?id=153,22,7,3.72881355932,img_153_kelloggbearnakedcerealnutclustercrunchmaplenut.jpg,../img/cropped/img_153_kelloggbearnakedcerealnutclustercrunchmaplenut_cropped.png
153,Adult,44,http://cerealfacts.org/media/cereal_images/KelloggCinnabon.jpg,40%,3%,383,12,1,115,120,30,154,http://cerealfacts.org/cereal_nutrition_scores.aspx?id=154,40,3,4.0,img_154_kelloggcinnabon.jpg,../img/cropped/img_154_kelloggcinnabon_cropped.png
154,Adult,56,http://cerealfacts.org/media/cereal_images/KashiGranolaCocoaBeach.jpg,18%,13%,236,10,7,130,220,55,155,http://cerealfacts.org/cereal_nutrition_scores.aspx?id=155,18,13,4.0,img_155_kashigranolacocoabeach.jpg,../img/cropped/img_155_kashigranolacocoabeach_cropped.png
155,Adult,56,http://cerealfacts.org/media/cereal_images/KashiGranolaMtMedleyGranola.jpg,18%,11%,245,10,6,135,230,55,156,http://cerealfacts.org/cereal_nutrition_scores.aspx?id=156,18,11,4.18181818182,img_156_kashigranolamtmedleygranola.jpg,../img/cropped/img_156_kashigranolamtmedleygranola_cropped.png
156,Adult,70,http://cerealfacts.org/media/cereal_images/KashiShreddedWheatTypeAutumnWheat.jpg,20%,13%,227,11,7,125,210,55,157,http://cerealfacts.org/cereal_nutrition_scores.aspx?id=157,20,13,3.81818181818,img_157_kashishreddedwheattypeautumnwheat.jpg,../img/cropped/img_157_kashishreddedwheattypeautumnwheat_cropped.png
157,Adult,76,http://cerealfacts.org/media/cereal_images/KashiShreddedWheatTypeCinnamonHarvest.jpg,16%,9%,0,9,5,0,180,55,158,http://cerealfacts.org/cereal_nutrition_scores.aspx?id=158,16,9,3.27272727273,img_158_kashishreddedwheattypecinnamonharvest.jpg,../img/cropped/img_158_kashishreddedwheattypecinnamonharvest_cropped.png
158,Adult,76,http://cerealfacts.org/media/cereal_images/KashiShreddedWheatTypeIslandVanilla.jpg,16%,11%,9,9,6,5,190,55,159,http://cerealfacts.org/cereal_nutrition_scores.aspx?id=159,16,11,3.45454545455,img_159_kashishreddedwheattypeislandvanilla.jpg,../img/cropped/img_159_kashishreddedwheattypeislandvanilla_cropped.png
159,Adult,74,http://cerealfacts.org/media/cereal_images/KashiFlakes7WholeGrainsFlakes.jpg,8%,12%,300,4,6,150,180,50,160,http://cerealfacts.org/cereal_nutrition_scores.aspx?id=160,8,12,3.6,img_160_kashiflakes7wholegrainsflakes.jpg,../img/cropped/img_160_kashiflakes7wholegrainsflakes_cropped.png
160,Adult,78,http://cerealfacts.org/media/cereal_images/KashiGoLeanOriginal.jpg,12%,19%,163,6,10,85,140,52,161,http://cerealfacts.org/cereal_nutrition_scores.aspx?id=161,12,19,2.69230769231,img_161_kashigoleanoriginal.jpg,../img/cropped/img_161_kashigoleanoriginal_cropped.png
161,Adult,58,http://cerealfacts.org/media/cereal_images/KashiGoLeanCrunchHoneyAlmondFlax.jpg,23%,15%,264,12,8,140,200,53,162,http://cerealfacts.org/cereal_nutrition_scores.aspx?id=162,23,15,3.77358490566,img_162_kashigoleancrunchhoneyalmondflax.jpg,../img/cropped/img_162_kashigoleancrunchhoneyalmondflax_cropped.png
162,Adult,58,http://cerealfacts.org/media/cereal_images/KashiGoLeanCrunchOriginal.jpg,25%,15%,189,13,8,100,190,53,163,http://cerealfacts.org/cereal_nutrition_scores.aspx?id=163,25,15,3.58490566038,img_163_kashigoleancrunchoriginal.jpg,../img/cropped/img_163_kashigoleancrunchoriginal_cropped.png
163,Adult,72,http://cerealfacts.org/media/cereal_images/KashiGoodFriendsOriginal.jpg,19%,23%,208,10,12,110,160,53,164,http://cerealfacts.org/cereal_nutrition_scores.aspx?id=164,19,23,3.01886792453,img_164_kashigoodfriendsoriginal.jpg,../img/cropped/img_164_kashigoodfriendsoriginal_cropped.png
164,Adult,72,http://cerealfacts.org/media/cereal_images/KashiHeartToHeartHoneyToastedOat.jpg,15%,15%,258,5,5,85,120,33,165,http://cerealfacts.org/cereal_nutrition_scores.aspx?id=165,15,15,3.63636363636,img_165_kashihearttohearthoneytoastedoat.jpg,../img/cropped/img_165_kashihearttohearthoneytoastedoat_cropped.png
165,Adult,70,http://cerealfacts.org/media/cereal_images/KashiHeartToHeartOatFlakesWildBlueberryClusters.jpg,22%,7%,245,12,4,135,200,55,166,http://cerealfacts.org/cereal_nutrition_scores.aspx?id=166,22,7,3.63636363636,img_166_kashihearttoheartoatflakeswildblueberryclusters.jpg,../img/cropped/img_166_kashihearttoheartoatflakeswildblueberryclusters_cropped.png
166,Adult,72,http://cerealfacts.org/media/cereal_images/KashiHeartTohHeartWarmCinnamonOat.jpg,15%,15%,242,5,5,80,120,33,167,http://cerealfacts.org/cereal_nutrition_scores.aspx?id=167,15,15,3.63636363636,img_167_kashihearttohheartwarmcinnamonoat.jpg,../img/cropped/img_167_kashihearttohheartwarmcinnamonoat_cropped.png
167,Adult,74,http://cerealfacts.org/media/cereal_images/KashiHoneyPuffs7WholeGrainsHoneyPuffs.jpg,20%,7%,0,6,2,0,120,30,168,http://cerealfacts.org/cereal_nutrition_scores.aspx?id=168,20,7,4.0,img_168_kashihoneypuffs7wholegrainshoneypuffs.jpg,../img/cropped/img_168_kashihoneypuffs7wholegrainshoneypuffs_cropped.png
168,Family,56,http://cerealfacts.org/media/cereal_images/KashiSquaresHoneySunshine.jpg,20%,17%,450,6,5,135,100,30,169,http://cerealfacts.org/cereal_nutrition_scores.aspx?id=169,20,17,3.33333333333,img_169_kashisquareshoneysunshine.jpg,../img/cropped/img_169_kashisquareshoneysunshine_cropped.png
169,Family,54,http://cerealfacts.org/media/cereal_images/KashiSquaresBerryBlossoms.jpg,23%,20%,417,7,6,125,100,30,170,http://cerealfacts.org/cereal_nutrition_scores.aspx?id=170,23,20,3.33333333333,img_170_kashisquaresberryblossoms.jpg,../img/cropped/img_170_kashisquaresberryblossoms_cropped.png
170,Adult,72,http://cerealfacts.org/media/cereal_images/KashiNuggets7WholeGrainsNuggets.jpg,5%,12%,448,3,7,260,210,58,171,http://cerealfacts.org/cereal_nutrition_scores.aspx?id=171,5,12,3.62068965517,img_171_kashinuggets7wholegrainsnuggets.jpg,../img/cropped/img_171_kashinuggets7wholegrainsnuggets_cropped.png
171,None,82,http://cerealfacts.org/media/cereal_images/KashiPuffs7WholeGrainsPuffs.jpg,0%,5%,0,0,1,0,70,19,172,http://cerealfacts.org/cereal_nutrition_scores.aspx?id=172,0,5,3.68421052632,img_172_kashipuffs7wholegrainspuffs.jpg,../img/cropped/img_172_kashipuffs7wholegrainspuffs_cropped.png
172,Adult,46,http://cerealfacts.org/media/cereal_images/KashiStrawberryFields.jpg,28%,3%,531,9,1,170,120,32,173,http://cerealfacts.org/cereal_nutrition_scores.aspx?id=173,28,3,3.75,img_173_kashistrawberryfields.jpg,../img/cropped/img_173_kashistrawberryfields_cropped.png
173,Adult,70,http://cerealfacts.org/media/cereal_images/KashiUBlackCurrantsWalnuts.jpg,20%,13%,227,11,7,125,210,55,174,http://cerealfacts.org/cereal_nutrition_scores.aspx?id=174,20,13,3.81818181818,img_174_kashiublackcurrantswalnuts.jpg,../img/cropped/img_174_kashiublackcurrantswalnuts_cropped.png
174,Adult,70,http://cerealfacts.org/media/cereal_images/KashiGoLeanCrispCinnamonCrumble.jpg,20%,18%,255,10,9,130,190,51,175,http://cerealfacts.org/cereal_nutrition_scores.aspx?id=175,20,18,3.72549019608,img_175_kashigoleancrispcinnamoncrumble.jpg,../img/cropped/img_175_kashigoleancrispcinnamoncrumble_cropped.png
175,Adult,70,http://cerealfacts.org/media/cereal_images/KashiGoLeanCrispBerryCrumble.jpg,20%,16%,245,10,8,125,180,51,176,http://cerealfacts.org/cereal_nutrition_scores.aspx?id=176,20,16,3.52941176471,img_176_kashigoleancrispberrycrumble.jpg,../img/cropped/img_176_kashigoleancrispberrycrumble_cropped.png
176,Family,72,http://cerealfacts.org/media/cereal_images/KashiGoldenGoodness.jpg,13%,10%,283,8,6,170,210,60,177,http://cerealfacts.org/cereal_nutrition_scores.aspx?id=177,13,10,3.5,img_177_kashigoldengoodness.jpg,../img/cropped/img_177_kashigoldengoodness_cropped.png
177,Adult,54,http://cerealfacts.org/media/cereal_images/KashiOrganicCeralIndigoMorning.jpg,22%,7%,463,6,2,125,100,27,178,http://cerealfacts.org/cereal_nutrition_scores.aspx?id=178,22,7,3.7037037037,img_178_kashiorganicceralindigomorning.jpg,../img/cropped/img_178_kashiorganicceralindigomorning_cropped.png
178,Adult,56,http://cerealfacts.org/media/cereal_images/KashiOrganicCerealSimplyMaize.jpg,22%,7%,407,6,2,110,100,27,179,http://cerealfacts.org/cereal_nutrition_scores.aspx?id=179,22,7,3.7037037037,img_179_kashiorganiccerealsimplymaize.jpg,../img/cropped/img_179_kashiorganiccerealsimplymaize_cropped.png
179,Adult,54,http://cerealfacts.org/media/cereal_images/NewmansOwnFlakeNStrawberry.jpg,27%,7%,433,8,2,130,110,30,180,http://cerealfacts.org/cereal_nutrition_scores.aspx?id=180,27,7,3.66666666667,img_180_newmansownflakenstrawberry.jpg,../img/cropped/img_180_newmansownflakenstrawberry_cropped.png
180,Adult,56,http://cerealfacts.org/media/cereal_images/NewmansOwnHoneyFlaxFlakes.jpg,27%,13%,267,8,4,80,100,30,181,http://cerealfacts.org/cereal_nutrition_scores.aspx?id=181,27,13,3.33333333333,img_181_newmansownhoneyflaxflakes.jpg,../img/cropped/img_181_newmansownhoneyflaxflakes_cropped.png
181,Adult,74,http://cerealfacts.org/media/cereal_images/NewmansOwnCinnamonFiberFlakes.jpg,20%,27%,0,6,8,0,90,30,182,http://cerealfacts.org/cereal_nutrition_scores.aspx?id=182,20,27,3.0,img_182_newmansowncinnamonfiberflakes.jpg,../img/cropped/img_182_newmansowncinnamonfiberflakes_cropped.png
182,Adult,54,http://cerealfacts.org/media/cereal_images/NewmansOwnVanillaAlmond.jpg,23%,7%,417,7,2,125,110,30,183,http://cerealfacts.org/cereal_nutrition_scores.aspx?id=183,23,7,3.66666666667,img_183_newmansownvanillaalmond.jpg,../img/cropped/img_183_newmansownvanillaalmond_cropped.png
183,Child,54,http://cerealfacts.org/media/cereal_images/NPEnvirokidzOrganicAmazonFrostedFlakes.jpg,23%,7%,400,7,2,120,120,30,184,http://cerealfacts.org/cereal_nutrition_scores.aspx?id=184,23,7,4.0,img_184_npenvirokidzorganicamazonfrostedflakes.jpg,../img/cropped/img_184_npenvirokidzorganicamazonfrostedflakes_cropped.png
184,Child,54,http://cerealfacts.org/media/cereal_images/NPEnvirokidzOrganicGorillaMunch.jpg,30%,7%,333,9,2,100,115,30,185,http://cerealfacts.org/cereal_nutrition_scores.aspx?id=185,30,7,3.83333333333,img_185_npenvirokidzorganicgorillamunch.jpg,../img/cropped/img_185_npenvirokidzorganicgorillamunch_cropped.png
185,Child,48,http://cerealfacts.org/media/cereal_images/NPEnvirokidzOrganicKoalaCrisp.jpg,30%,3%,450,9,1,135,120,30,186,http://cerealfacts.org/cereal_nutrition_scores.aspx?id=186,30,3,4.0,img_186_npenvirokidzorganickoalacrisp.jpg,../img/cropped/img_186_npenvirokidzorganickoalacrisp_cropped.png
186,Child,54,http://cerealfacts.org/media/cereal_images/NPEnvirokidzOrganicLeapinLemurs.jpg,27%,7%,383,8,2,115,120,30,187,http://cerealfacts.org/cereal_nutrition_scores.aspx?id=187,27,7,4.0,img_187_npenvirokidzorganicleapinlemurs.jpg,../img/cropped/img_187_npenvirokidzorganicleapinlemurs_cropped.png
187,Child,44,http://cerealfacts.org/media/cereal_images/NPEnvirokidzOrganicPeanutButterPandaPuffs.jpg,40%,3%,317,12,1,95,130,30,188,http://cerealfacts.org/cereal_nutrition_scores.aspx?id=188,40,3,4.33333333333,img_188_npenvirokidzorganicpeanutbutterpandapuffs.jpg,../img/cropped/img_188_npenvirokidzorganicpeanutbutterpandapuffs_cropped.png
188,Adult,52,http://cerealfacts.org/media/cereal_images/NPFlaxPlusMultibranFlakes.jpg,17%,23%,633,5,7,190,100,30,189,http://cerealfacts.org/cereal_nutrition_scores.aspx?id=189,17,23,3.33333333333,img_189_npflaxplusmultibranflakes.jpg,../img/cropped/img_189_npflaxplusmultibranflakes_cropped.png
189,Adult,58,http://cerealfacts.org/media/cereal_images/NPFlaxPlusRedberryCrunch.jpg,18%,9%,291,10,5,160,210,55,190,http://cerealfacts.org/cereal_nutrition_scores.aspx?id=190,18,9,3.81818181818,img_190_npflaxplusredberrycrunch.jpg,../img/cropped/img_190_npflaxplusredberrycrunch_cropped.png
190,Adult,56,http://cerealfacts.org/media/cereal_images/NPFlaxPlusMaplePecanCrunch.jpg,18%,9%,345,10,5,190,220,55,191,http://cerealfacts.org/cereal_nutrition_scores.aspx?id=191,18,9,4.0,img_191_npflaxplusmaplepecancrunch.jpg,../img/cropped/img_191_npflaxplusmaplepecancrunch_cropped.png
191,Adult,56,http://cerealfacts.org/media/cereal_images/NPFlaxPlusPumpkinRaisinCrunch.jpg,24%,13%,273,13,7,150,210,55,192,http://cerealfacts.org/cereal_nutrition_scores.aspx?id=192,24,13,3.81818181818,img_192_npflaxpluspumpkinraisincrunch.jpg,../img/cropped/img_192_npflaxpluspumpkinraisincrunch_cropped.png
192,Adult,58,http://cerealfacts.org/media/cereal_images/NPFlaxPlusRaisinBranFlakes.jpg,22%,15%,345,12,8,190,190,55,193,http://cerealfacts.org/cereal_nutrition_scores.aspx?id=193,22,15,3.45454545455,img_193_npflaxplusraisinbranflakes.jpg,../img/cropped/img_193_npflaxplusraisinbranflakes_cropped.png
193,Adult,58,http://cerealfacts.org/media/cereal_images/NPHeritageCrunch.jpg,11%,11%,382,6,6,210,230,55,194,http://cerealfacts.org/cereal_nutrition_scores.aspx?id=194,11,11,4.18181818182,img_194_npheritagecrunch.jpg,../img/cropped/img_194_npheritagecrunch_cropped.png
194,Adult,54,http://cerealfacts.org/media/cereal_images/NPSunriseCrunchyMaple.jpg,23%,10%,433,7,3,130,110,30,195,http://cerealfacts.org/cereal_nutrition_scores.aspx?id=195,23,10,3.66666666667,img_195_npsunrisecrunchymaple.jpg,../img/cropped/img_195_npsunrisecrunchymaple_cropped.png
195,Adult,54,http://cerealfacts.org/media/cereal_images/NPSunriseCrunchyVanilla.jpg,23%,10%,433,7,3,130,110,30,196,http://cerealfacts.org/cereal_nutrition_scores.aspx?id=196,23,10,3.66666666667,img_196_npsunrisecrunchyvanilla.jpg,../img/cropped/img_196_npsunrisecrunchyvanilla_cropped.png
196,Adult,68,http://cerealfacts.org/media/cereal_images/NPCrispyRiceCereal.jpg,7%,7%,533,2,2,160,110,30,197,http://cerealfacts.org/cereal_nutrition_scores.aspx?id=197,7,7,3.66666666667,img_197_npcrispyricecereal.jpg,../img/cropped/img_197_npcrispyricecereal_cropped.png
197,Adult,58,http://cerealfacts.org/media/cereal_images/NPFruitJuiceSweetenedCornFlakes.jpg,10%,0%,417,3,0,125,120,30,198,http://cerealfacts.org/cereal_nutrition_scores.aspx?id=198,10,0,4.0,img_198_npfruitjuicesweetenedcornflakes.jpg,../img/cropped/img_198_npfruitjuicesweetenedcornflakes_cropped.png
198,Family,44,http://cerealfacts.org/media/cereal_images/PostAlphaBits.jpg,36%,7%,643,10,2,180,110,28,199,http://cerealfacts.org/cereal_nutrition_scores.aspx?id=199,36,7,3.92857142857,img_199_postalphabits.jpg,../img/cropped/img_199_postalphabits_cropped.png
199,Adult,54,http://cerealfacts.org/media/cereal_images/PostBranFlakes.jpg,17%,17%,600,5,5,180,100,30,200,http://cerealfacts.org/cereal_nutrition_scores.aspx?id=200,17,17,3.33333333333,img_200_postbranflakes.jpg,../img/cropped/img_200_postbranflakes_cropped.png
200,Family,46,http://cerealfacts.org/media/cereal_images/PostGoldenCrisp.jpg,52%,4%,93,14,1,25,110,27,201,http://cerealfacts.org/cereal_nutrition_scores.aspx?id=201,52,4,4.07407407407,img_201_postgoldencrisp.jpg,../img/cropped/img_201_postgoldencrisp_cropped.png
201,Adult,58,http://cerealfacts.org/media/cereal_images/PostGrapeNutsFlakes.jpg,14%,10%,431,4,3,125,110,29,202,http://cerealfacts.org/cereal_nutrition_scores.aspx?id=202,14,10,3.79310344828,img_202_postgrapenutsflakes.jpg,../img/cropped/img_202_postgrapenutsflakes_cropped.png
202,Adult,70,http://cerealfacts.org/media/cereal_images/PostGrapeNutsRegular.jpg,9%,12%,500,5,7,290,200,58,203,http://cerealfacts.org/cereal_nutrition_scores.aspx?id=203,9,12,3.44827586207,img_203_postgrapenutsregular.jpg,../img/cropped/img_203_postgrapenutsregular_cropped.png
203,Adult,54,http://cerealfacts.org/media/cereal_images/PostHBOHoneyRoasted.jpg,20%,7%,467,6,2,140,120,30,204,http://cerealfacts.org/cereal_nutrition_scores.aspx?id=204,20,7,4.0,img_204_posthbohoneyroasted.jpg,../img/cropped/img_204_posthbohoneyroasted_cropped.png
204,Adult,54,http://cerealfacts.org/media/cereal_images/PostHBOWithAlmonds.jpg,19%,6%,422,6,2,135,130,32,205,http://cerealfacts.org/cereal_nutrition_scores.aspx?id=205,19,6,4.0625,img_205_posthbowithalmonds.jpg,../img/cropped/img_205_posthbowithalmonds_cropped.png
205,Adult,54,http://cerealfacts.org/media/cereal_images/PostHBOWithCinnamonClusters.jpg,20%,7%,500,6,2,150,120,30,206,http://cerealfacts.org/cereal_nutrition_scores.aspx?id=206,20,7,4.0,img_206_posthbowithcinnamonclusters.jpg,../img/cropped/img_206_posthbowithcinnamonclusters_cropped.png
206,Adult,54,http://cerealfacts.org/media/cereal_images/PostHBOWithRealStrawberries.jpg,26%,6%,403,8,2,125,120,31,207,http://cerealfacts.org/cereal_nutrition_scores.aspx?id=207,26,6,3.87096774194,img_207_posthbowithrealstrawberries.jpg,../img/cropped/img_207_posthbowithrealstrawberries_cropped.png
207,Adult,58,http://cerealfacts.org/media/cereal_images/PostHBOWithVanillaClusters.jpg,21%,7%,304,12,4,170,220,56,208,http://cerealfacts.org/cereal_nutrition_scores.aspx?id=208,21,7,3.92857142857,img_208_posthbowithvanillaclusters.jpg,../img/cropped/img_208_posthbowithvanillaclusters_cropped.png
208,Adult,48,http://cerealfacts.org/media/cereal_images/PostHBOWithPecanBunches.jpg,21%,3%,483,6,1,140,120,29,209,http://cerealfacts.org/cereal_nutrition_scores.aspx?id=209,21,3,4.13793103448,img_209_posthbowithpecanbunches.jpg,../img/cropped/img_209_posthbowithpecanbunches_cropped.png
209,Adult,54,http://cerealfacts.org/media/cereal_images/PostHBORaisinMedley.jpg,27%,4%,346,14,2,180,200,52,210,http://cerealfacts.org/cereal_nutrition_scores.aspx?id=210,27,4,3.84615384615,img_210_posthboraisinmedley.jpg,../img/cropped/img_210_posthboraisinmedley_cropped.png
210,Adult,58,http://cerealfacts.org/media/cereal_images/PostHBOJustBunchesHoneyRoasted.jpg,25%,7%,140,14,4,80,250,57,211,http://cerealfacts.org/cereal_nutrition_scores.aspx?id=211,25,7,4.38596491228,img_211_posthbojustbuncheshoneyroasted.jpg,../img/cropped/img_211_posthbojustbuncheshoneyroasted_cropped.png
211,Child,40,http://cerealfacts.org/media/cereal_images/PostHoneyCombRegular.jpg,31%,3%,562,10,1,180,130,32,212,http://cerealfacts.org/cereal_nutrition_scores.aspx?id=212,31,3,4.0625,img_212_posthoneycombregular.jpg,../img/cropped/img_212_posthoneycombregular_cropped.png
212,Child,26,http://cerealfacts.org/media/cereal_images/PostPebblesCocoa.jpg,37%,0%,633,11,0,190,120,30,213,http://cerealfacts.org/cereal_nutrition_scores.aspx?id=213,37,0,4.0,img_213_postpebblescocoa.jpg,../img/cropped/img_213_postpebblescocoa_cropped.png
213,Child,26,http://cerealfacts.org/media/cereal_images/PostPebblesFruity.jpg,37%,0%,633,11,0,190,120,30,214,http://cerealfacts.org/cereal_nutrition_scores.aspx?id=214,37,0,4.0,img_214_postpebblesfruity.jpg,../img/cropped/img_214_postpebblesfruity_cropped.png
214,Child,50,http://cerealfacts.org/media/cereal_images/PostPebblesBouldersChocolatePeanutButter.jpg,30%,7%,296,8,2,80,110,27,215,http://cerealfacts.org/cereal_nutrition_scores.aspx?id=215,30,7,4.07407407407,img_215_postpebblesboulderschocolatepeanutbutter.jpg,../img/cropped/img_215_postpebblesboulderschocolatepeanutbutter_cropped.png
215,Child,28,http://cerealfacts.org/media/cereal_images/PostPebblesMarshmallow.jpg,37%,0%,667,10,0,180,110,27,216,http://cerealfacts.org/cereal_nutrition_scores.aspx?id=216,37,0,4.07407407407,img_216_postpebblesmarshmallow.jpg,../img/cropped/img_216_postpebblesmarshmallow_cropped.png
216,Family,50,http://cerealfacts.org/media/cereal_images/PostRaisinBran.jpg,32%,14%,424,19,8,250,190,59,217,http://cerealfacts.org/cereal_nutrition_scores.aspx?id=217,32,14,3.22033898305,img_217_postraisinbran.jpg,../img/cropped/img_217_postraisinbran_cropped.png
217,Adult,48,http://cerealfacts.org/media/cereal_images/PostSelectsBlueberryMorning.jpg,29%,4%,382,16,2,210,220,55,218,http://cerealfacts.org/cereal_nutrition_scores.aspx?id=218,29,4,4.0,img_218_postselectsblueberrymorning.jpg,../img/cropped/img_218_postselectsblueberrymorning_cropped.png
218,Adult,56,http://cerealfacts.org/media/cereal_images/PostSelectsMaplePecanCrunch.jpg,23%,8%,240,12,4,125,210,52,219,http://cerealfacts.org/cereal_nutrition_scores.aspx?id=219,23,8,4.03846153846,img_219_postselectsmaplepecancrunch.jpg,../img/cropped/img_219_postselectsmaplepecancrunch_cropped.png
219,Adult,58,http://cerealfacts.org/media/cereal_images/PostSelectsGreatGrainsCranberryAlmondCrunch.jpg,25%,10%,219,12,5,105,180,48,220,http://cerealfacts.org/cereal_nutrition_scores.aspx?id=220,25,10,3.75,img_220_postselectsgreatgrainscranberryalmondcrunch.jpg,../img/cropped/img_220_postselectsgreatgrainscranberryalmondcrunch_cropped.png
220,Adult,58,http://cerealfacts.org/media/cereal_images/PostSelectsGreatGrainsCrunchyPecans.jpg,15%,10%,288,8,5,150,210,52,221,http://cerealfacts.org/cereal_nutrition_scores.aspx?id=221,15,10,4.03846153846,img_221_postselectsgreatgrainscrunchypecans.jpg,../img/cropped/img_221_postselectsgreatgrainscrunchypecans_cropped.png
221,Adult,58,http://cerealfacts.org/media/cereal_images/PostSelectsGreatGrainsRaisinDatePecan.jpg,24%,9%,245,13,5,135,210,55,222,http://cerealfacts.org/cereal_nutrition_scores.aspx?id=222,24,9,3.81818181818,img_222_postselectsgreatgrainsraisindatepecan.jpg,../img/cropped/img_222_postselectsgreatgrainsraisindatepecan_cropped.png
222,Adult,56,http://cerealfacts.org/media/cereal_images/PostSelectsGreatGrainsBananaNutCrunch.jpg,19%,12%,237,11,7,140,240,59,223,http://cerealfacts.org/cereal_nutrition_scores.aspx?id=223,19,12,4.06779661017,img_223_postselectsgreatgrainsbanananutcrunch.jpg,../img/cropped/img_223_postselectsgreatgrainsbanananutcrunch_cropped.png
223,Adult,82,http://cerealfacts.org/media/cereal_images/PostShreddedWheatOriginal.jpg,0%,13%,0,0,6,0,160,47,224,http://cerealfacts.org/cereal_nutrition_scores.aspx?id=224,0,13,3.40425531915,img_224_postshreddedwheatoriginal.jpg,../img/cropped/img_224_postshreddedwheatoriginal_cropped.png
224,Adult,72,http://cerealfacts.org/media/cereal_images/PostShreddedWheatSpoonSizeHoneyNut.jpg,20%,10%,102,12,6,60,220,59,225,http://cerealfacts.org/cereal_nutrition_scores.aspx?id=225,20,10,3.72881355932,img_225_postshreddedwheatspoonsizehoneynut.jpg,../img/cropped/img_225_postshreddedwheatspoonsizehoneynut_cropped.png
225,Adult,82,http://cerealfacts.org/media/cereal_images/PostShreddedWheatSpoonSizeOriginal.jpg,0%,12%,0,0,6,0,170,49,226,http://cerealfacts.org/cereal_nutrition_scores.aspx?id=226,0,12,3.4693877551,img_226_postshreddedwheatspoonsizeoriginal.jpg,../img/cropped/img_226_postshreddedwheatspoonsizeoriginal_cropped.png
226,Adult,82,http://cerealfacts.org/media/cereal_images/PostShreddedWheatSpoonSizeWheatNBran.jpg,0%,15%,0,0,9,0,200,59,227,http://cerealfacts.org/cereal_nutrition_scores.aspx?id=227,0,15,3.38983050847,img_227_postshreddedwheatspoonsizewheatnbran.jpg,../img/cropped/img_227_postshreddedwheatspoonsizewheatnbran_cropped.png
227,Adult,74,http://cerealfacts.org/media/cereal_images/PostShreddedWheatSpoonSizeLightlyFrosted.jpg,21%,11%,0,12,6,0,200,56,228,http://cerealfacts.org/cereal_nutrition_scores.aspx?id=228,21,11,3.57142857143,img_228_postshreddedwheatspoonsizelightlyfrosted.jpg,../img/cropped/img_228_postshreddedwheatspoonsizelightlyfrosted_cropped.png
228,Family,44,http://cerealfacts.org/media/cereal_images/PostWaffleCrisp.jpg,40%,3%,383,12,1,115,120,30,229,http://cerealfacts.org/cereal_nutrition_scores.aspx?id=229,40,3,4.0,img_229_postwafflecrisp.jpg,../img/cropped/img_229_postwafflecrisp_cropped.png
229,Adult,56,http://cerealfacts.org/media/cereal_images/PeaceFrenchVanillaGranola.jpg,27%,5%,127,15,3,70,240,55,230,http://cerealfacts.org/cereal_nutrition_scores.aspx?id=230,27,5,4.36363636364,img_230_peacefrenchvanillagranola.jpg,../img/cropped/img_230_peacefrenchvanillagranola_cropped.png
230,Adult,58,http://cerealfacts.org/media/cereal_images/PeaceGoldenHoneyGranola.jpg,18%,7%,218,10,4,120,240,55,231,http://cerealfacts.org/cereal_nutrition_scores.aspx?id=231,18,7,4.36363636364,img_231_peacegoldenhoneygranola.jpg,../img/cropped/img_231_peacegoldenhoneygranola_cropped.png
231,Adult,46,http://cerealfacts.org/media/cereal_images/PeaceMangoPassion.jpg,18%,4%,600,10,2,330,230,55,232,http://cerealfacts.org/cereal_nutrition_scores.aspx?id=232,18,4,4.18181818182,img_232_peacemangopassion.jpg,../img/cropped/img_232_peacemangopassion_cropped.png
232,Adult,54,http://cerealfacts.org/media/cereal_images/PeaceMaplePecan.jpg,20%,5%,400,11,3,220,240,55,233,http://cerealfacts.org/cereal_nutrition_scores.aspx?id=233,20,5,4.36363636364,img_233_peacemaplepecan.jpg,../img/cropped/img_233_peacemaplepecan_cropped.png
233,Adult,54,http://cerealfacts.org/media/cereal_images/PeaceRasberryGinger.jpg,22%,5%,418,12,3,230,230,55,234,http://cerealfacts.org/cereal_nutrition_scores.aspx?id=234,22,5,4.18181818182,img_234_peacerasberryginger.jpg,../img/cropped/img_234_peacerasberryginger_cropped.png
234,Adult,54,http://cerealfacts.org/media/cereal_images/PeaceVanillaAlmond.jpg,20%,5%,382,11,3,210,240,55,235,http://cerealfacts.org/cereal_nutrition_scores.aspx?id=235,20,5,4.36363636364,img_235_peacevanillaalmond.jpg,../img/cropped/img_235_peacevanillaalmond_cropped.png
235,Adult,56,http://cerealfacts.org/media/cereal_images/PeaceWildBerryCrisp.jpg,13%,5%,600,7,3,330,220,55,236,http://cerealfacts.org/cereal_nutrition_scores.aspx?id=236,13,5,4.0,img_236_peacewildberrycrisp.jpg,../img/cropped/img_236_peacewildberrycrisp_cropped.png
236,Adult,58,http://cerealfacts.org/media/cereal_images/PeaceCherryAlmond.jpg,24%,5%,136,13,3,75,240,55,237,http://cerealfacts.org/cereal_nutrition_scores.aspx?id=237,24,5,4.36363636364,img_237_peacecherryalmond.jpg,../img/cropped/img_237_peacecherryalmond_cropped.png
237,Adult,70,http://cerealfacts.org/media/cereal_images/PeaceHeartyRaisinBran.jpg,16%,15%,309,9,8,170,190,55,238,http://cerealfacts.org/cereal_nutrition_scores.aspx?id=238,16,15,3.45454545455,img_238_peaceheartyraisinbran.jpg,../img/cropped/img_238_peaceheartyraisinbran_cropped.png
238,Adult,70,http://cerealfacts.org/media/cereal_images/PeaceGojiBerry.jpg,13%,9%,345,7,5,190,210,55,239,http://cerealfacts.org/cereal_nutrition_scores.aspx?id=239,13,9,3.81818181818,img_239_peacegojiberry.jpg,../img/cropped/img_239_peacegojiberry_cropped.png
239,Adult,70,http://cerealfacts.org/media/cereal_images/PeaceBlueberryPomegranate.jpg,25%,5%,36,14,3,20,240,55,240,http://cerealfacts.org/cereal_nutrition_scores.aspx?id=240,25,5,4.36363636364,img_240_peaceblueberrypomegranate.jpg,../img/cropped/img_240_peaceblueberrypomegranate_cropped.png
240,Adult,52,http://cerealfacts.org/media/cereal_images/PeaceAppleCinnamon.jpg,22%,5%,545,12,3,300,220,55,241,http://cerealfacts.org/cereal_nutrition_scores.aspx?id=241,22,5,4.0,img_241_peaceapplecinnamon.jpg,../img/cropped/img_241_peaceapplecinnamon_cropped.png
241,Adult,52,http://cerealfacts.org/media/cereal_images/PeaceWalnutSpice.jpg,31%,9%,291,17,5,160,230,55,242,http://cerealfacts.org/cereal_nutrition_scores.aspx?id=242,31,9,4.18181818182,img_242_peacewalnutspice.jpg,../img/cropped/img_242_peacewalnutspice_cropped.png
242,Family,32,http://cerealfacts.org/media/cereal_images/QuakerCapNCrunchPeanutButterCrunch.jpg,33%,4%,741,9,1,200,110,27,243,http://cerealfacts.org/cereal_nutrition_scores.aspx?id=243,33,4,4.07407407407,img_243_quakercapncrunchpeanutbuttercrunch.jpg,../img/cropped/img_243_quakercapncrunchpeanutbuttercrunch_cropped.png
243,Family,28,http://cerealfacts.org/media/cereal_images/QuakerCapNCrunchWithCrunchberries.jpg,42%,4%,731,11,1,190,110,26,244,http://cerealfacts.org/cereal_nutrition_scores.aspx?id=244,42,4,4.23076923077,img_244_quakercapncrunchwithcrunchberries.jpg,../img/cropped/img_244_quakercapncrunchwithcrunchberries_cropped.png
244,Family,28,http://cerealfacts.org/media/cereal_images/QuakerCapNCrunchRegular.jpg,44%,4%,741,12,1,200,110,27,245,http://cerealfacts.org/cereal_nutrition_scores.aspx?id=245,44,4,4.07407407407,img_245_quakercapncrunchregular.jpg,../img/cropped/img_245_quakercapncrunchregular_cropped.png
245,Family,38,http://cerealfacts.org/media/cereal_images/QuakerCapNCrunchChocolateCrunch.jpg,41%,4%,463,11,1,125,110,27,246,http://cerealfacts.org/cereal_nutrition_scores.aspx?id=246,41,4,4.07407407407,img_246_quakercapncrunchchocolatecrunch.jpg,../img/cropped/img_246_quakercapncrunchchocolatecrunch_cropped.png
246,Family,30,http://cerealfacts.org/media/cereal_images/QuakerCapNCrunchOopsAllBerries.jpg,47%,3%,656,15,1,210,130,32,247,http://cerealfacts.org/cereal_nutrition_scores.aspx?id=247,47,3,4.0625,img_247_quakercapncrunchoopsallberries.jpg,../img/cropped/img_247_quakercapncrunchoopsallberries_cropped.png
247,Family,52,http://cerealfacts.org/media/cereal_images/QuakerLifeCinnamon.jpg,25%,6%,469,8,2,150,120,32,248,http://cerealfacts.org/cereal_nutrition_scores.aspx?id=248,25,6,3.75,img_248_quakerlifecinnamon.jpg,../img/cropped/img_248_quakerlifecinnamon_cropped.png
248,Family,52,http://cerealfacts.org/media/cereal_images/QuakerLifeMapleBrownSugar.jpg,25%,6%,469,8,2,150,120,32,249,http://cerealfacts.org/cereal_nutrition_scores.aspx?id=249,25,6,3.75,img_249_quakerlifemaplebrownsugar.jpg,../img/cropped/img_249_quakerlifemaplebrownsugar_cropped.png
249,Family,54,http://cerealfacts.org/media/cereal_images/QuakerLifeRegular.jpg,19%,6%,500,6,2,160,120,32,250,http://cerealfacts.org/cereal_nutrition_scores.aspx?id=250,19,6,3.75,img_250_quakerliferegular.jpg,../img/cropped/img_250_quakerliferegular_cropped.png
250,Adult,58,http://cerealfacts.org/media/cereal_images/QuakerNaturalGranolaLowfat.jpg,25%,9%,236,14,5,130,210,55,251,http://cerealfacts.org/cereal_nutrition_scores.aspx?id=251,25,9,3.81818181818,img_251_quakernaturalgranolalowfat.jpg,../img/cropped/img_251_quakernaturalgranolalowfat_cropped.png
251,Adult,70,http://cerealfacts.org/media/cereal_images/QuakerNaturalGranolaOatsHoneyRaisins.jpg,25%,10%,59,13,5,30,210,51,252,http://cerealfacts.org/cereal_nutrition_scores.aspx?id=252,25,10,4.11764705882,img_252_quakernaturalgranolaoatshoneyraisins.jpg,../img/cropped/img_252_quakernaturalgranolaoatshoneyraisins_cropped.png
252,Adult,58,http://cerealfacts.org/media/cereal_images/QuakerNaturalGranolaAppleCranberryAlmond.jpg,27%,10%,51,13,5,25,200,49,253,http://cerealfacts.org/cereal_nutrition_scores.aspx?id=253,27,10,4.08163265306,img_253_quakernaturalgranolaapplecranberryalmond.jpg,../img/cropped/img_253_quakernaturalgranolaapplecranberryalmond_cropped.png
253,Adult,70,http://cerealfacts.org/media/cereal_images/QuakerNaturalGranolaOatsHoneyAlmonds.jpg,21%,10%,52,10,5,25,200,48,254,http://cerealfacts.org/cereal_nutrition_scores.aspx?id=254,21,10,4.16666666667,img_254_quakernaturalgranolaoatshoneyalmonds.jpg,../img/cropped/img_254_quakernaturalgranolaoatshoneyalmonds_cropped.png
254,Adult,58,http://cerealfacts.org/media/cereal_images/QuakerOatBranColdCereal.jpg,16%,11%,368,9,6,210,210,57,255,http://cerealfacts.org/cereal_nutrition_scores.aspx?id=255,16,11,3.68421052632,img_255_quakeroatbrancoldcereal.jpg,../img/cropped/img_255_quakeroatbrancoldcereal_cropped.png
255,Adult,70,http://cerealfacts.org/media/cereal_images/QuakerOatmealSquaresBrownSugar.jpg,16%,9%,339,9,5,190,210,56,256,http://cerealfacts.org/cereal_nutrition_scores.aspx?id=256,16,9,3.75,img_256_quakeroatmealsquaresbrownsugar.jpg,../img/cropped/img_256_quakeroatmealsquaresbrownsugar_cropped.png
256,Adult,70,http://cerealfacts.org/media/cereal_images/QuakerOatmealSquaresCinnamon.jpg,16%,9%,339,9,5,190,210,56,257,http://cerealfacts.org/cereal_nutrition_scores.aspx?id=257,16,9,3.75,img_257_quakeroatmealsquarescinnamon.jpg,../img/cropped/img_257_quakeroatmealsquarescinnamon_cropped.png
257,Adult,70,http://cerealfacts.org/media/cereal_images/QuakerOatmealSquaresGoldenMaple.jpg,16%,9%,339,9,5,190,210,56,258,http://cerealfacts.org/cereal_nutrition_scores.aspx?id=258,16,9,3.75,img_258_quakeroatmealsquaresgoldenmaple.jpg,../img/cropped/img_258_quakeroatmealsquaresgoldenmaple_cropped.png
258,Family,58,http://cerealfacts.org/media/cereal_images/QuakerLifeCrunchtimeStrawberry.jpg,19%,19%,281,6,6,90,110,32,259,http://cerealfacts.org/cereal_nutrition_scores.aspx?id=259,19,19,3.4375,img_259_quakerlifecrunchtimestrawberry.jpg,../img/cropped/img_259_quakerlifecrunchtimestrawberry_cropped.png
259,Family,58,http://cerealfacts.org/media/cereal_images/QuakerLifeCrunchtimeAppleCinnamon.jpg,22%,19%,281,7,6,90,110,32,260,http://cerealfacts.org/cereal_nutrition_scores.aspx?id=260,22,19,3.4375,img_260_quakerlifecrunchtimeapplecinnamon.jpg,../img/cropped/img_260_quakerlifecrunchtimeapplecinnamon_cropped.png
