,target_market,score,cover_image,sugar_result,fiber_result,sodium_result,sugar_per_serving,fiber_per_serving,sodium_per_serving,calories_per_serving,serving_size,index,url,file_name_cropped,sample_mean_sd
0,Family,50,http://cerealfacts.org/media/cereal_images/AnniesFruityBunnies.jpg,24%,3%,293,7,1,85,120,29,1,http://cerealfacts.org/cereal_nutrition_scores.aspx?id=1,img_001_anniesfruitybunnies_cropped.png,"[38.82, 78.54, 210.67, 54.15, 86.45, 62.0]"
1,Family,52,http://cerealfacts.org/media/cereal_images/AnniesHoneyBunnies.jpg,24%,3%,310,7,1,90,110,29,2,http://cerealfacts.org/cereal_nutrition_scores.aspx?id=2,img_002_annieshoneybunnies_cropped.png,"[51.6, 106.1, 197.4, 46.69, 48.12, 55.06]"
2,Family,50,http://cerealfacts.org/media/cereal_images/AnniesCinnamonRollBunnyOs.jpg,24%,3%,293,7,1,85,120,29,3,http://cerealfacts.org/cereal_nutrition_scores.aspx?id=3,img_003_anniescinnamonrollbunnyos_cropped.png,"[72.4, 134.5, 194.79, 53.26, 61.92, 40.47]"
3,Family,64,http://cerealfacts.org/media/cereal_images/AnniesOrganicBunnyOs.jpg,7%,3%,379,2,1,110,120,29,4,http://cerealfacts.org/cereal_nutrition_scores.aspx?id=4,img_004_anniesorganicbunnyos_cropped.png,"[97.13, 76.28, 115.6, 47.43, 71.57, 58.21]"
4,Family,58,http://cerealfacts.org/media/cereal_images/BarbarasBakeryPuffinsPuffsCrunchyCocoa.jpg,23%,10%,267,7,3,80,120,30,5,http://cerealfacts.org/cereal_nutrition_scores.aspx?id=5,img_005_barbarasbakerypuffinspuffscrunchycocoa_cropped.png,"[104.1, 151.29, 185.99, 48.43, 51.12, 53.53]"
5,Family,54,http://cerealfacts.org/media/cereal_images/BarbarasBakeryPuffinsPuffsFruitMedley.jpg,23%,3%,267,7,1,80,120,30,6,http://cerealfacts.org/cereal_nutrition_scores.aspx?id=6,img_006_barbarasbakerypuffinspuffsfruitmedley_cropped.png,"[127.99, 165.81, 197.39, 51.02, 59.16, 55.53]"
6,Family,56,http://cerealfacts.org/media/cereal_images/BarbarasBakeryPuffinsCinnamon.jpg,20%,20%,500,6,6,150,90,30,7,http://cerealfacts.org/cereal_nutrition_scores.aspx?id=7,img_007_barbarasbakerypuffinscinnamon_cropped.png,"[100.23, 143.88, 186.35, 48.68, 49.15, 49.92]"
7,Family,68,http://cerealfacts.org/media/cereal_images/BarbarasBakeryPuffinsHoneyRice.jpg,20%,10%,267,6,3,80,120,30,8,http://cerealfacts.org/cereal_nutrition_scores.aspx?id=8,img_008_barbarasbakerypuffinshoneyrice_cropped.png,"[112.01, 140.46, 174.33, 45.85, 52.43, 50.18]"
8,Family,46,http://cerealfacts.org/media/cereal_images/BarbarasBakeryPuffinsPeanutButter.jpg,20%,7%,767,6,2,230,110,30,9,http://cerealfacts.org/cereal_nutrition_scores.aspx?id=9,img_009_barbarasbakerypuffinspeanutbutter_cropped.png,"[103.68, 139.38, 176.92, 47.72, 55.58, 55.87]"
9,Family,50,http://cerealfacts.org/media/cereal_images/BarbarasBakeryPuffinsOriginal.jpg,19%,19%,704,5,5,190,90,27,10,http://cerealfacts.org/cereal_nutrition_scores.aspx?id=10,img_010_barbarasbakerypuffinsoriginal_cropped.png,"[121.3, 151.77, 183.85, 48.48, 49.7, 49.98]"
10,Family,58,http://cerealfacts.org/media/cereal_images/BarbarasBakeryPuffinsPeanutButterChocolate.jpg,20%,10%,350,6,3,105,110,30,11,http://cerealfacts.org/cereal_nutrition_scores.aspx?id=11,img_011_barbarasbakerypuffinspeanutbutterchocolate_cropped.png,"[111.87, 136.37, 163.2, 46.87, 57.69, 65.06]"
11,Family,68,http://cerealfacts.org/media/cereal_images/BarbarasBakeryPuffinsMultigrain.jpg,20%,10%,267,6,3,80,110,30,12,http://cerealfacts.org/cereal_nutrition_scores.aspx?id=12,img_012_barbarasbakerypuffinsmultigrain_cropped.png,"[119.32, 145.65, 171.2, 45.45, 50.81, 57.45]"
12,Family,50,http://cerealfacts.org/media/cereal_images/BarbarasBakeryShreddedOatsCinnamonCrunch.jpg,27%,7%,400,15,4,220,230,55,13,http://cerealfacts.org/cereal_nutrition_scores.aspx?id=13,img_013_barbarasbakeryshreddedoatscinnamoncrunch_cropped.png,"[110.32, 141.69, 175.96, 48.17, 52.77, 50.67]"
13,Adult,52,http://cerealfacts.org/media/cereal_images/BarbarasBakeryShreddedOatsVanillaAlmond.jpg,27%,7%,382,15,4,210,220,55,14,http://cerealfacts.org/cereal_nutrition_scores.aspx?id=14,img_014_barbarasbakeryshreddedoatsvanillaalmond_cropped.png,"[111.85, 147.05, 180.42, 47.79, 46.41, 44.98]"
14,Adult,56,http://cerealfacts.org/media/cereal_images/BarbarasBakeryShreddedOatsOriginal.jpg,21%,9%,448,12,5,260,220,58,15,http://cerealfacts.org/cereal_nutrition_scores.aspx?id=15,img_015_barbarasbakeryshreddedoatsoriginal_cropped.png,"[123.78, 149.21, 177.92, 41.73, 48.18, 52.75]"
15,Adult,54,http://cerealfacts.org/media/cereal_images/BarbarasBakeryShreddedSpoonfulsMultigrain.jpg,16%,12%,625,5,4,200,120,32,16,http://cerealfacts.org/cereal_nutrition_scores.aspx?id=16,img_016_barbarasbakeryshreddedspoonfulsmultigrain_cropped.png,"[107.16, 120.85, 126.84, 42.4, 42.74, 41.94]"
16,Adult,82,http://cerealfacts.org/media/cereal_images/BarbarasBakeryShreddedWheat.jpg,0%,12%,0,0,5,0,140,40,17,http://cerealfacts.org/cereal_nutrition_scores.aspx?id=17,img_017_barbarasbakeryshreddedwheat_cropped.png,"[108.5, 132.76, 171.93, 58.39, 63.33, 63.99]"
17,Adult,58,http://cerealfacts.org/media/cereal_images/BarbarasBakeryShreddedMinisBlueberryBurst.jpg,25%,7%,255,14,4,140,220,55,18,http://cerealfacts.org/cereal_nutrition_scores.aspx?id=18,img_018_barbarasbakeryshreddedminisblueberryburst_cropped.png,"[119.64, 146.17, 177.5, 46.92, 52.03, 50.47]"
18,Adult,70,http://cerealfacts.org/media/cereal_images/BarbarasBakeryUltimaOrganicCranberry.jpg,20%,18%,255,11,10,140,190,55,19,http://cerealfacts.org/cereal_nutrition_scores.aspx?id=19,img_019_barbarasbakeryultimaorganiccranberry_cropped.png,"[106.71, 138.58, 176.49, 48.3, 53.3, 49.21]"
19,Adult,72,http://cerealfacts.org/media/cereal_images/BarbarasBakeryUltimaOrganicFlaxGranola.jpg,16%,18%,255,9,10,140,200,55,20,http://cerealfacts.org/cereal_nutrition_scores.aspx?id=20,img_020_barbarasbakeryultimaorganicflaxgranola_cropped.png,"[122.7, 154.62, 183.52, 43.35, 44.11, 44.55]"
20,Adult,72,http://cerealfacts.org/media/cereal_images/BarbarasBakeryUltimaOrganicHighFiberOriginal.jpg,15%,25%,255,8,14,140,180,55,21,http://cerealfacts.org/cereal_nutrition_scores.aspx?id=21,img_021_barbarasbakeryultimaorganichighfiberoriginal_cropped.png,"[116.9, 143.3, 172.29, 42.85, 44.97, 50.41]"
21,Adult,54,http://cerealfacts.org/media/cereal_images/BarbarasBakeryHoleNOatsHoneyNut.jpg,33%,7%,267,10,2,80,120,30,22,http://cerealfacts.org/cereal_nutrition_scores.aspx?id=22,img_022_barbarasbakeryholenoatshoneynut_cropped.png,"[99.19, 142.13, 181.54, 49.15, 54.91, 45.66]"
22,Adult,78,http://cerealfacts.org/media/cereal_images/BarbarasBakeryHoleNOatsFruitJuiceSweetened.jpg,3%,10%,267,1,3,80,120,30,23,http://cerealfacts.org/cereal_nutrition_scores.aspx?id=23,img_023_barbarasbakeryholenoatsfruitjuicesweetened_cropped.png,"[119.84, 158.1, 195.46, 43.98, 46.64, 44.99]"
23,Adult,68,http://cerealfacts.org/media/cereal_images/BarbarasBakeryCornFlakes.jpg,10%,3%,267,3,1,80,110,30,24,http://cerealfacts.org/cereal_nutrition_scores.aspx?id=24,img_024_barbarasbakerycornflakes_cropped.png,"[124.8, 159.3, 190.51, 42.9, 45.77, 46.51]"
24,Adult,70,http://cerealfacts.org/media/cereal_images/BarbarasBakeryBrownRiceCrisps.jpg,3%,3%,317,1,1,95,120,30,25,http://cerealfacts.org/cereal_nutrition_scores.aspx?id=25,img_025_barbarasbakerybrownricecrisps_cropped.png,"[116.53, 150.18, 183.66, 45.22, 52.93, 51.93]"
25,Family,50,http://cerealfacts.org/media/cereal_images/CFCinnamonCrunch.jpg,30%,11%,389,8,3,105,110,27,26,http://cerealfacts.org/cereal_nutrition_scores.aspx?id=26,img_026_cfcinnamoncrunch_cropped.png,"[171.29, 197.32, 216.11, 80.46, 55.69, 52.13]"
26,Child,52,http://cerealfacts.org/media/cereal_images/CFCliffordCrunch.jpg,27%,10%,533,8,3,160,110,30,27,http://cerealfacts.org/cereal_nutrition_scores.aspx?id=27,img_027_cfcliffordcrunch_cropped.png,"[146.91, 165.26, 197.56, 83.64, 70.48, 58.09]"
27,Adult,50,http://cerealfacts.org/media/cereal_images/CFGranolaCinnamonRaisin.jpg,29%,5%,364,16,3,200,210,55,28,http://cerealfacts.org/cereal_nutrition_scores.aspx?id=28,img_028_cfgranolacinnamonraisin_cropped.png,"[111.16, 158.4, 180.89, 75.15, 66.28, 71.31]"
28,Adult,54,http://cerealfacts.org/media/cereal_images/CFGranolaFruitNut.jpg,27%,6%,183,14,3,95,210,52,29,http://cerealfacts.org/cereal_nutrition_scores.aspx?id=29,img_029_cfgranolafruitnut_cropped.png,"[162.12, 188.17, 198.76, 86.1, 67.83, 60.8]"
29,Adult,54,http://cerealfacts.org/media/cereal_images/CFGranolaMapleBrownSugar.jpg,25%,5%,291,14,3,160,220,55,30,http://cerealfacts.org/cereal_nutrition_scores.aspx?id=30,img_030_cfgranolamaplebrownsugar_cropped.png,"[149.25, 171.0, 179.29, 73.71, 52.49, 41.55]"
30,Adult,54,http://cerealfacts.org/media/cereal_images/CFGranolaOatsHoney.jpg,24%,5%,218,13,3,120,230,55,31,http://cerealfacts.org/cereal_nutrition_scores.aspx?id=31,img_031_cfgranolaoatshoney_cropped.png,"[101.99, 137.11, 154.99, 72.96, 62.19, 55.93]"
31,Adult,56,http://cerealfacts.org/media/cereal_images/CFGranolaFrenchVanillaAlmond.jpg,26%,6%,170,13,3,85,210,50,32,http://cerealfacts.org/cereal_nutrition_scores.aspx?id=32,img_032_cfgranolafrenchvanillaalmond_cropped.png,"[168.62, 181.99, 190.03, 66.74, 56.73, 51.99]"
32,Adult,52,http://cerealfacts.org/media/cereal_images/CFGranolaDarkChocolateAlmond.jpg,27%,8%,308,14,4,160,210,52,33,http://cerealfacts.org/cereal_nutrition_scores.aspx?id=33,img_033_cfgranoladarkchocolatealmond_cropped.png,"[148.71, 175.83, 185.84, 74.89, 57.88, 48.71]"
33,Adult,48,http://cerealfacts.org/media/cereal_images/CFHeartyMorning.jpg,20%,15%,655,11,8,360,200,55,34,http://cerealfacts.org/cereal_nutrition_scores.aspx?id=34,img_034_cfheartymorning_cropped.png,"[162.82, 177.07, 183.07, 71.47, 55.23, 44.54]"
34,Family,50,http://cerealfacts.org/media/cereal_images/CFHoneyNutOs.jpg,23%,10%,567,7,3,170,110,30,35,http://cerealfacts.org/cereal_nutrition_scores.aspx?id=35,img_035_cfhoneynutos_cropped.png,"[181.87, 203.14, 215.45, 83.34, 61.33, 54.01]"
35,Adult,70,http://cerealfacts.org/media/cereal_images/CFMultigrainSquares.jpg,13%,7%,383,4,2,115,110,30,36,http://cerealfacts.org/cereal_nutrition_scores.aspx?id=36,img_036_cfmultigrainsquares_cropped.png,"[150.11, 167.49, 181.95, 81.12, 65.7, 49.11]"
36,Family,58,http://cerealfacts.org/media/cereal_images/CFPurelyOs.jpg,3%,10%,633,1,3,190,110,30,37,http://cerealfacts.org/cereal_nutrition_scores.aspx?id=37,img_037_cfpurelyos_cropped.png,"[156.59, 186.9, 189.01, 71.45, 41.36, 38.2]"
37,Adult,50,http://cerealfacts.org/media/cereal_images/CFRaisinBran.jpg,25%,11%,618,14,6,340,180,55,38,http://cerealfacts.org/cereal_nutrition_scores.aspx?id=38,img_038_cfraisinbran_cropped.png,"[172.35, 191.2, 202.74, 86.13, 70.37, 60.14]"
38,Family,54,http://cerealfacts.org/media/cereal_images/CFChocolateOs.jpg,29%,11%,339,8,3,95,100,28,39,http://cerealfacts.org/cereal_nutrition_scores.aspx?id=39,img_039_cfchocolateos_cropped.png,"[168.51, 179.7, 208.36, 90.98, 81.51, 60.57]"
39,Family,50,http://cerealfacts.org/media/cereal_images/CFFruitfulOs.jpg,29%,11%,464,8,3,130,100,28,40,http://cerealfacts.org/cereal_nutrition_scores.aspx?id=40,img_040_cffruitfulos_cropped.png,"[165.84, 189.88, 203.19, 83.22, 46.52, 43.84]"
40,Adult,50,http://cerealfacts.org/media/cereal_images/GMBasic4.jpg,24%,7%,509,13,4,280,200,55,41,http://cerealfacts.org/cereal_nutrition_scores.aspx?id=41,img_041_gmbasic4_cropped.png,"[139.96, 172.19, 176.19, 93.2, 72.23, 74.38]"
41,Family,44,http://cerealfacts.org/media/cereal_images/GMBooBerry.jpg,30%,3%,576,10,1,190,130,33,42,http://cerealfacts.org/cereal_nutrition_scores.aspx?id=42,img_042_gmbooberry_cropped.png,"[180.07, 144.87, 109.38, 70.86, 80.75, 90.91]"
42,Family,50,http://cerealfacts.org/media/cereal_images/GMCheeriosAppleCinnamon.jpg,33%,7%,383,10,2,115,120,30,43,http://cerealfacts.org/cereal_nutrition_scores.aspx?id=43,img_043_gmcheeriosapplecinnamon_cropped.png,"[102.01, 158.22, 108.92, 56.4, 44.4, 82.08]"
43,Family,46,http://cerealfacts.org/media/cereal_images/GMCheeriosBananaNut.jpg,32%,7%,571,9,2,160,100,28,44,http://cerealfacts.org/cereal_nutrition_scores.aspx?id=44,img_044_gmcheeriosbanananut_cropped.png,"[138.05, 187.07, 196.24, 55.26, 58.61, 75.51]"
44,Child,46,http://cerealfacts.org/media/cereal_images/GMCheeriosHoneyNut.jpg,32%,7%,571,9,2,160,110,28,45,http://cerealfacts.org/cereal_nutrition_scores.aspx?id=45,img_045_gmcheerioshoneynut_cropped.png,"[72.46, 127.7, 197.63, 60.52, 91.08, 61.72]"
45,Family,46,http://cerealfacts.org/media/cereal_images/GMCheeriosFrosted.jpg,32%,7%,607,9,2,170,110,28,46,http://cerealfacts.org/cereal_nutrition_scores.aspx?id=46,img_046_gmcheeriosfrosted_cropped.png,"[148.82, 114.5, 93.59, 67.71, 68.85, 77.55]"
46,Family,48,http://cerealfacts.org/media/cereal_images/GMCheeriosFruity.jpg,33%,7%,500,9,2,135,100,27,47,http://cerealfacts.org/cereal_nutrition_scores.aspx?id=47,img_047_gmcheeriosfruity_cropped.png,"[74.13, 96.7, 211.74, 73.99, 87.35, 41.11]"
47,Family,56,http://cerealfacts.org/media/cereal_images/GMCheeriosMultigrain.jpg,21%,10%,414,6,3,120,110,29,48,http://cerealfacts.org/cereal_nutrition_scores.aspx?id=48,img_048_gmcheeriosmultigrain_cropped.png,"[148.19, 151.44, 164.98, 67.37, 65.17, 52.38]"
48,Family,50,http://cerealfacts.org/media/cereal_images/GMCheeriosOatClusterCrunch.jpg,30%,7%,500,8,2,135,100,27,49,http://cerealfacts.org/cereal_nutrition_scores.aspx?id=49,img_049_gmcheeriosoatclustercrunch_cropped.png,"[158.67, 129.72, 103.4, 64.62, 77.24, 95.94]"
49,Family,70,http://cerealfacts.org/media/cereal_images/GMCheeriosRegular.jpg,4%,11%,571,1,3,160,100,28,50,http://cerealfacts.org/cereal_nutrition_scores.aspx?id=50,img_050_gmcheeriosregular_cropped.png,"[69.88, 152.91, 193.18, 57.16, 64.0, 64.07]"
50,Family,46,http://cerealfacts.org/media/cereal_images/GMCheeriosYogurtBurstStrawberry.jpg,30%,7%,600,9,2,180,120,30,51,http://cerealfacts.org/cereal_nutrition_scores.aspx?id=51,img_051_gmcheeriosyogurtburststrawberry_cropped.png,"[167.93, 162.05, 174.61, 59.87, 59.68, 56.89]"
51,Family,48,http://cerealfacts.org/media/cereal_images/GMCheeriosMultigrainPeanutButter.jpg,32%,7%,464,9,2,130,110,28,52,http://cerealfacts.org/cereal_nutrition_scores.aspx?id=52,img_052_gmcheeriosmultigrainpeanutbutter_cropped.png,"[157.85, 173.35, 193.94, 77.18, 75.98, 76.47]"
52,Family,52,http://cerealfacts.org/media/cereal_images/GMCheeriosCinnamonBurst.jpg,28%,16%,391,9,5,125,110,32,53,http://cerealfacts.org/cereal_nutrition_scores.aspx?id=53,img_053_gmcheerioscinnamonburst_cropped.png,"[98.22, 143.65, 172.81, 65.02, 61.35, 61.1]"
53,Family,46,http://cerealfacts.org/media/cereal_images/GMCheeriosChocolate.jpg,33%,7%,630,9,2,170,100,27,54,http://cerealfacts.org/cereal_nutrition_scores.aspx?id=54,img_054_gmcheerioschocolate_cropped.png,"[86.19, 102.79, 130.13, 71.61, 69.31, 70.01]"
54,Family,46,http://cerealfacts.org/media/cereal_images/GMChexChocolate.jpg,33%,7%,630,9,2,170,100,27,55,http://cerealfacts.org/cereal_nutrition_scores.aspx?id=55,img_055_gmchexchocolate_cropped.png,"[81.45, 93.81, 135.88, 77.8, 71.35, 66.59]"
55,Family,46,http://cerealfacts.org/media/cereal_images/GMChexCinnamon.jpg,27%,3%,600,8,1,180,120,30,56,http://cerealfacts.org/cereal_nutrition_scores.aspx?id=56,img_056_gmchexcinnamon_cropped.png,"[145.68, 146.54, 179.27, 80.82, 73.06, 60.67]"
56,Family,52,http://cerealfacts.org/media/cereal_images/GMChexCorn.jpg,10%,6%,774,3,2,240,120,31,57,http://cerealfacts.org/cereal_nutrition_scores.aspx?id=57,img_057_gmchexcorn_cropped.png,"[140.13, 175.87, 178.97, 86.53, 74.31, 73.47]"
57,Family,44,http://cerealfacts.org/media/cereal_images/GMChexHoneyNut.jpg,28%,3%,625,9,1,200,120,32,58,http://cerealfacts.org/cereal_nutrition_scores.aspx?id=58,img_058_gmchexhoneynut_cropped.png,"[75.79, 102.02, 171.38, 79.44, 74.74, 63.82]"
58,Family,52,http://cerealfacts.org/media/cereal_images/GMChexMultiBran.jpg,21%,13%,574,10,6,270,160,47,59,http://cerealfacts.org/cereal_nutrition_scores.aspx?id=59,img_059_gmchexmultibran_cropped.png,"[118.37, 131.31, 182.1, 79.29, 70.28, 55.16]"
59,Family,50,http://cerealfacts.org/media/cereal_images/GMChexRice.jpg,7%,4%,889,2,1,240,100,27,60,http://cerealfacts.org/cereal_nutrition_scores.aspx?id=60,img_060_gmchexrice_cropped.png,"[184.43, 169.81, 160.42, 80.28, 77.91, 88.45]"
60,Family,56,http://cerealfacts.org/media/cereal_images/GMChexWheat.jpg,11%,13%,574,5,6,270,160,47,61,http://cerealfacts.org/cereal_nutrition_scores.aspx?id=61,img_061_gmchexwheat_cropped.png,"[151.14, 173.03, 201.43, 73.45, 57.86, 51.55]"
61,Child,40,http://cerealfacts.org/media/cereal_images/GMCinnamonToastCrunchRegular.jpg,32%,6%,710,10,2,220,130,31,62,http://cerealfacts.org/cereal_nutrition_scores.aspx?id=62,img_062_gmcinnamontoastcrunchregular_cropped.png,"[135.26, 157.63, 188.15, 77.58, 60.16, 60.36]"
62,Child,42,http://cerealfacts.org/media/cereal_images/GMFrenchToastCrunch.jpg,30%,3%,567,9,1,170,120,30,63,http://cerealfacts.org/cereal_nutrition_scores.aspx?id=63,img_063_gmfrenchtoastcrunch_cropped.png,"[97.8, 91.28, 187.23, 58.39, 79.81, 68.76]"
63,Child,46,http://cerealfacts.org/media/cereal_images/GMCocoaPuffsBrownieCrunch.jpg,33%,7%,481,9,2,130,110,27,64,http://cerealfacts.org/cereal_nutrition_scores.aspx?id=64,img_064_gmcocoapuffsbrowniecrunch_cropped.png,"[70.36, 101.25, 134.22, 62.52, 61.78, 65.62]"
64,Child,44,http://cerealfacts.org/media/cereal_images/GMCocoaPuffsRegular.jpg,37%,7%,556,10,2,150,100,27,65,http://cerealfacts.org/cereal_nutrition_scores.aspx?id=65,img_065_gmcocoapuffsregular_cropped.png,"[106.44, 102.97, 138.74, 93.26, 95.73, 86.92]"
65,Child,46,http://cerealfacts.org/media/cereal_images/GMCookieCrispRegular.jpg,35%,4%,462,9,1,120,100,26,66,http://cerealfacts.org/cereal_nutrition_scores.aspx?id=66,img_066_gmcookiecrispregular_cropped.png,"[157.05, 139.12, 129.39, 69.29, 68.41, 74.48]"
66,Child,48,http://cerealfacts.org/media/cereal_images/GMCookieCrispSprinkles.jpg,33%,4%,444,9,1,120,100,27,67,http://cerealfacts.org/cereal_nutrition_scores.aspx?id=67,img_067_gmcookiecrispsprinkles_cropped.png,"[155.03, 158.29, 169.75, 89.86, 87.67, 76.29]"
67,Family,42,http://cerealfacts.org/media/cereal_images/GMCountChocula.jpg,37%,4%,593,10,1,160,100,27,68,http://cerealfacts.org/cereal_nutrition_scores.aspx?id=68,img_068_gmcountchocula_cropped.png,"[50.87, 101.24, 155.44, 50.54, 70.38, 63.84]"
68,Adult,54,http://cerealfacts.org/media/cereal_images/GMCurvesFruitNutCrunch.jpg,20%,10%,490,10,5,240,170,49,69,http://cerealfacts.org/cereal_nutrition_scores.aspx?id=69,img_069_gmcurvesfruitnutcrunch_cropped.png,"[178.54, 163.77, 169.48, 62.42, 74.08, 73.3]"
69,Adult,54,http://cerealfacts.org/media/cereal_images/GMCurvesHoneyCrunch.jpg,17%,9%,547,9,5,290,190,53,70,http://cerealfacts.org/cereal_nutrition_scores.aspx?id=70,img_070_gmcurveshoneycrunch_cropped.png,"[175.51, 177.2, 202.03, 75.74, 80.16, 66.66]"
70,Adult,52,http://cerealfacts.org/media/cereal_images/GMCurvesWholeGrainCrunch.jpg,15%,7%,667,4,2,180,100,27,71,http://cerealfacts.org/cereal_nutrition_scores.aspx?id=71,img_071_gmcurveswholegraincrunch_cropped.png,"[168.4, 179.58, 186.15, 79.41, 74.82, 73.45]"
71,Child,52,http://cerealfacts.org/media/cereal_images/GMDoraTheExplorer.jpg,22%,11%,556,6,3,150,100,27,72,http://cerealfacts.org/cereal_nutrition_scores.aspx?id=72,img_072_gmdoratheexplorer_cropped.png,"[111.55, 134.47, 153.98, 75.4, 66.82, 88.68]"
72,Adult,54,http://cerealfacts.org/media/cereal_images/GMFiberOneCaramelDelight.jpg,20%,18%,460,10,9,230,180,50,73,http://cerealfacts.org/cereal_nutrition_scores.aspx?id=73,img_073_gmfiberonecarameldelight_cropped.png,"[132.45, 161.57, 190.8, 77.63, 68.1, 68.23]"
73,Adult,74,http://cerealfacts.org/media/cereal_images/GMFiberOneFrostedShreddedWheat.jpg,20%,15%,0,12,9,0,200,60,74,http://cerealfacts.org/cereal_nutrition_scores.aspx?id=74,img_074_gmfiberonefrostedshreddedwheat_cropped.png,"[157.24, 161.06, 163.09, 75.71, 74.43, 85.06]"
74,Adult,68,http://cerealfacts.org/media/cereal_images/GMFiberOneHoneyClusters.jpg,12%,25%,442,6,13,230,160,52,75,http://cerealfacts.org/cereal_nutrition_scores.aspx?id=75,img_075_gmfiberonehoneyclusters_cropped.png,"[142.84, 184.68, 202.63, 74.49, 61.87, 70.45]"
75,Adult,78,http://cerealfacts.org/media/cereal_images/GMFiberOneOriginalBran.jpg,0%,47%,350,0,14,105,60,30,76,http://cerealfacts.org/cereal_nutrition_scores.aspx?id=76,img_076_gmfiberoneoriginalbran_cropped.png,"[130.44, 172.25, 198.23, 79.07, 69.18, 76.62]"
76,Adult,56,http://cerealfacts.org/media/cereal_images/GMFiberOneRaisinBranClusters.jpg,25%,20%,382,14,11,210,170,55,77,http://cerealfacts.org/cereal_nutrition_scores.aspx?id=77,img_077_gmfiberoneraisinbranclusters_cropped.png,"[152.35, 160.88, 187.93, 61.8, 72.34, 73.76]"
77,Adult,64,http://cerealfacts.org/media/cereal_images/GMFiberOne80CaloriesHoneySquares.jpg,10%,33%,467,3,10,140,80,30,78,http://cerealfacts.org/cereal_nutrition_scores.aspx?id=78,img_078_gmfiberone80calorieshoneysquares_cropped.png,"[162.11, 163.55, 186.88, 85.86, 67.86, 66.04]"
78,Family,44,http://cerealfacts.org/media/cereal_images/GMFrankenBerry.jpg,30%,3%,576,10,1,190,130,33,79,http://cerealfacts.org/cereal_nutrition_scores.aspx?id=79,img_079_gmfrankenberry_cropped.png,"[127.37, 75.38, 154.92, 62.73, 69.98, 78.78]"
79,Family,42,http://cerealfacts.org/media/cereal_images/GMGoldenGrahams.jpg,32%,6%,774,10,2,240,120,31,80,http://cerealfacts.org/cereal_nutrition_scores.aspx?id=80,img_080_gmgoldengrahams_cropped.png,"[131.87, 183.52, 202.93, 93.34, 64.63, 76.75]"
80,Adult,52,http://cerealfacts.org/media/cereal_images/GMHoneyNutClusters.jpg,25%,7%,509,14,4,290,210,57,81,http://cerealfacts.org/cereal_nutrition_scores.aspx?id=81,img_081_gmhoneynutclusters_cropped.png,"[112.2, 162.15, 173.51, 82.66, 64.09, 76.84]"
81,Family,54,http://cerealfacts.org/media/cereal_images/GMKixBerryBerry.jpg,21%,6%,515,7,2,170,120,33,82,http://cerealfacts.org/cereal_nutrition_scores.aspx?id=82,img_082_gmkixberryberry_cropped.png,"[122.15, 85.75, 151.9, 59.18, 79.77, 58.64]"
82,Family,52,http://cerealfacts.org/media/cereal_images/GMKixHoney.jpg,18%,9%,576,6,3,190,120,33,83,http://cerealfacts.org/cereal_nutrition_scores.aspx?id=83,img_083_gmkixhoney_cropped.png,"[122.92, 125.59, 159.83, 89.17, 82.55, 92.49]"
83,Family,56,http://cerealfacts.org/media/cereal_images/GMKixRegular.jpg,10%,10%,600,3,3,180,110,30,84,http://cerealfacts.org/cereal_nutrition_scores.aspx?id=84,img_084_gmkixregular_cropped.png,"[76.79, 119.26, 181.31, 77.45, 63.92, 86.39]"
84,Child,42,http://cerealfacts.org/media/cereal_images/GMLuckyCharmsRegular.jpg,37%,7%,630,10,2,170,110,27,85,http://cerealfacts.org/cereal_nutrition_scores.aspx?id=85,img_085_gmluckycharmsregular_cropped.png,"[65.57, 109.64, 190.05, 62.82, 83.65, 69.14]"
85,Child,42,http://cerealfacts.org/media/cereal_images/GMLuckyCharmsChocolate.jpg,36%,4%,571,10,1,160,110,28,86,http://cerealfacts.org/cereal_nutrition_scores.aspx?id=86,img_086_gmluckycharmschocolate_cropped.png,"[98.59, 132.64, 158.35, 71.29, 81.53, 73.59]"
86,Adult,58,http://cerealfacts.org/media/cereal_images/GMOatmealCrispCrunchyAlmond.jpg,27%,8%,208,16,5,125,230,60,87,http://cerealfacts.org/cereal_nutrition_scores.aspx?id=87,img_087_gmoatmealcrispcrunchyalmond_cropped.png,"[134.03, 150.51, 196.62, 74.62, 79.16, 42.4]"
87,Adult,56,http://cerealfacts.org/media/cereal_images/GMOatmealCrispHeartyRaisin.jpg,31%,8%,194,19,5,120,230,62,88,http://cerealfacts.org/cereal_nutrition_scores.aspx?id=88,img_088_gmoatmealcrispheartyraisin_cropped.png,"[128.31, 121.54, 163.01, 79.07, 73.91, 54.25]"
88,Adult,48,http://cerealfacts.org/media/cereal_images/GMRaisinNutBran.jpg,29%,10%,469,14,5,230,180,49,89,http://cerealfacts.org/cereal_nutrition_scores.aspx?id=89,img_089_gmraisinnutbran_cropped.png,"[129.06, 150.08, 186.65, 61.61, 71.6, 56.72]"
89,Child,38,http://cerealfacts.org/media/cereal_images/GMReesesPuffs.jpg,34%,3%,552,10,1,160,120,29,90,http://cerealfacts.org/cereal_nutrition_scores.aspx?id=90,img_090_gmreesespuffs_cropped.png,"[48.02, 111.22, 179.59, 60.68, 65.43, 67.14]"
90,Adult,52,http://cerealfacts.org/media/cereal_images/GMTotalRaisinBran.jpg,32%,9%,434,17,5,230,160,53,91,http://cerealfacts.org/cereal_nutrition_scores.aspx?id=91,img_091_gmtotalraisinbran_cropped.png,"[98.46, 68.79, 125.22, 63.29, 73.43, 75.07]"
91,Adult,52,http://cerealfacts.org/media/cereal_images/GMTotalWholeGrain.jpg,17%,10%,633,5,3,190,100,30,92,http://cerealfacts.org/cereal_nutrition_scores.aspx?id=92,img_092_gmtotalwholegrain_cropped.png,"[143.45, 121.43, 100.31, 78.37, 68.02, 97.56]"
92,Adult,70,http://cerealfacts.org/media/cereal_images/GMTotalHoneyAlmondFlax.jpg,26%,8%,170,14,4,90,200,53,93,http://cerealfacts.org/cereal_nutrition_scores.aspx?id=93,img_093_gmtotalhoneyalmondflax_cropped.png,"[135.15, 155.04, 198.23, 94.49, 87.92, 67.13]"
93,Child,42,http://cerealfacts.org/media/cereal_images/GMTrix.jpg,31%,3%,562,10,1,180,120,32,94,http://cerealfacts.org/cereal_nutrition_scores.aspx?id=94,img_094_gmtrix_cropped.png,"[126.44, 145.17, 163.33, 87.28, 78.76, 83.51]"
94,Adult,52,http://cerealfacts.org/media/cereal_images/GMWheaties.jpg,15%,11%,704,4,3,190,100,27,95,http://cerealfacts.org/cereal_nutrition_scores.aspx?id=95,img_095_gmwheaties_cropped.png,"[89.48, 120.22, 206.54, 82.17, 63.58, 67.04]"
95,Adult,58,http://cerealfacts.org/media/cereal_images/GMWheatiesFuel.jpg,25%,15%,255,14,8,140,190,55,96,http://cerealfacts.org/cereal_nutrition_scores.aspx?id=96,img_096_gmwheatiesfuel_cropped.png,"[47.82, 49.91, 75.95, 64.87, 70.49, 90.7]"
96,Adult,50,http://cerealfacts.org/media/cereal_images/KelloggAllBranBranBuds.jpg,27%,43%,700,8,13,210,80,30,97,http://cerealfacts.org/cereal_nutrition_scores.aspx?id=97,img_097_kelloggallbranbranbuds_cropped.png,"[143.68, 171.88, 187.19, 93.78, 81.81, 74.2]"
97,Adult,52,http://cerealfacts.org/media/cereal_images/KelloggAllBranCompleteWheatFlakes.jpg,17%,17%,724,5,5,210,90,29,98,http://cerealfacts.org/cereal_nutrition_scores.aspx?id=98,img_098_kelloggallbrancompletewheatflakes_cropped.png,"[155.84, 181.39, 195.21, 92.27, 75.62, 74.4]"
98,Adult,72,http://cerealfacts.org/media/cereal_images/KelloggAllBranOriginal.jpg,19%,32%,258,6,10,80,80,31,99,http://cerealfacts.org/cereal_nutrition_scores.aspx?id=99,img_099_kelloggallbranoriginal_cropped.png,"[157.45, 175.17, 206.71, 94.39, 83.0, 62.16]"
99,Child,44,http://cerealfacts.org/media/cereal_images/KelloggAppleJacksRegular.jpg,43%,11%,464,12,3,130,100,28,100,http://cerealfacts.org/cereal_nutrition_scores.aspx?id=100,img_100_kelloggapplejacksregular_cropped.png,"[100.0, 145.3, 109.84, 58.42, 64.16, 88.0]"
100,Child,42,http://cerealfacts.org/media/cereal_images/KelloggCocoaKrispiesRegular.jpg,39%,3%,419,12,1,130,120,31,101,http://cerealfacts.org/cereal_nutrition_scores.aspx?id=101,img_101_kelloggcocoakrispiesregular_cropped.png,"[104.21, 120.06, 153.11, 78.35, 74.12, 67.52]"
101,Adult,50,http://cerealfacts.org/media/cereal_images/KelloggCornFlakes.jpg,11%,4%,714,3,1,200,100,28,102,http://cerealfacts.org/cereal_nutrition_scores.aspx?id=102,img_102_kelloggcornflakes_cropped.png,"[125.19, 154.93, 171.22, 90.39, 81.03, 94.55]"
102,Child,50,http://cerealfacts.org/media/cereal_images/KelloggCornPopsRegular.jpg,31%,9%,391,10,3,125,120,32,103,http://cerealfacts.org/cereal_nutrition_scores.aspx?id=103,img_103_kelloggcornpopsregular_cropped.png,"[90.3, 163.94, 210.39, 74.59, 72.8, 67.14]"
103,Adult,40,http://cerealfacts.org/media/cereal_images/KelloggCracklinOatBran.jpg,31%,12%,306,15,6,150,200,49,104,http://cerealfacts.org/cereal_nutrition_scores.aspx?id=104,img_104_kelloggcracklinoatbran_cropped.png,"[143.89, 124.52, 117.85, 67.85, 66.7, 81.98]"
104,Adult,46,http://cerealfacts.org/media/cereal_images/KelloggCrispix.jpg,14%,3%,759,4,1,220,110,29,105,http://cerealfacts.org/cereal_nutrition_scores.aspx?id=105,img_105_kelloggcrispix_cropped.png,"[140.02, 121.85, 88.3, 62.84, 59.41, 103.45]"
105,Adult,46,http://cerealfacts.org/media/cereal_images/KelloggCrunchyNutGoldenHoneyNut.jpg,32%,3%,435,10,1,135,120,31,106,http://cerealfacts.org/cereal_nutrition_scores.aspx?id=106,img_106_kelloggcrunchynutgoldenhoneynut_cropped.png,"[89.12, 150.74, 177.65, 61.8, 54.76, 94.69]"
106,Adult,50,http://cerealfacts.org/media/cereal_images/KelloggCrunchyNutGoldenHoneyNut.jpg,37%,7%,352,10,2,95,100,27,107,http://cerealfacts.org/cereal_nutrition_scores.aspx?id=107,img_107_kelloggcrunchynutgoldenhoneynut_cropped.png,"[89.14, 149.43, 176.7, 61.87, 54.74, 94.7]"
107,Adult,38,http://cerealfacts.org/media/cereal_images/KelloggCrunchyNutCaramelNut.jpg,32%,0%,484,10,0,150,120,31,108,http://cerealfacts.org/cereal_nutrition_scores.aspx?id=108,img_108_kelloggcrunchynutcaramelnut_cropped.png,"[97.63, 157.73, 168.45, 74.9, 60.18, 89.73]"
108,Adult,46,http://cerealfacts.org/media/cereal_images/KelloggEggoCerealMapleSyrup.jpg,39%,6%,484,12,2,150,120,31,109,http://cerealfacts.org/cereal_nutrition_scores.aspx?id=109,img_109_kelloggeggocerealmaplesyrup_cropped.png,"[100.7, 150.28, 219.66, 82.03, 77.03, 47.35]"
109,Adult,54,http://cerealfacts.org/media/cereal_images/KelloggFiberPlusAntioxidantsBerryYogurtCrunch.jpg,23%,19%,377,12,10,200,170,53,110,http://cerealfacts.org/cereal_nutrition_scores.aspx?id=110,img_110_kelloggfiberplusantioxidantsberryyogurtcrunch_cropped.png,"[112.05, 133.39, 180.92, 82.97, 92.75, 74.49]"
110,Adult,54,http://cerealfacts.org/media/cereal_images/KelloggFiberPlusAntioxidantsCaramelPecanClusters.jpg,24%,18%,408,12,9,200,170,49,111,http://cerealfacts.org/cereal_nutrition_scores.aspx?id=111,img_111_kelloggfiberplusantioxidantscaramelpecanclusters_cropped.png,"[110.3, 127.51, 124.43, 78.92, 74.01, 94.54]"
111,Adult,56,http://cerealfacts.org/media/cereal_images/KelloggFiberPlusAnitoxidantsCinnamonOatCrunch.jpg,22%,28%,438,7,9,140,110,32,112,http://cerealfacts.org/cereal_nutrition_scores.aspx?id=112,img_112_kelloggfiberplusanitoxidantscinnamonoatcrunch_cropped.png,"[84.52, 116.61, 159.77, 77.34, 73.42, 63.43]"
112,Child,44,http://cerealfacts.org/media/cereal_images/KelloggFrootLoopsMarshmallows.jpg,48%,7%,379,14,2,110,110,29,113,http://cerealfacts.org/cereal_nutrition_scores.aspx?id=113,img_113_kelloggfrootloopsmarshmallows_cropped.png,"[114.68, 115.04, 167.22, 71.29, 77.46, 73.05]"
113,Child,42,http://cerealfacts.org/media/cereal_images/KelloggFrootLoopsRegular.jpg,41%,10%,466,12,3,135,110,29,114,http://cerealfacts.org/cereal_nutrition_scores.aspx?id=114,img_114_kelloggfrootloopsregular_cropped.png,"[90.03, 106.39, 161.4, 73.79, 75.79, 77.44]"
114,Child,52,http://cerealfacts.org/media/cereal_images/KelloggFrostedFlakesReducedSugar.jpg,27%,10%,533,8,3,160,110,30,115,http://cerealfacts.org/cereal_nutrition_scores.aspx?id=115,img_115_kelloggfrostedflakesreducedsugar_cropped.png,"[132.86, 129.8, 127.09, 78.01, 68.64, 103.52]"
115,Child,42,http://cerealfacts.org/media/cereal_images/KelloggFrostedFlakesRegular.jpg,37%,3%,467,11,1,140,110,30,116,http://cerealfacts.org/cereal_nutrition_scores.aspx?id=116,img_116_kelloggfrostedflakesregular_cropped.png,"[143.8, 139.79, 148.54, 80.05, 75.9, 101.79]"
116,Family,48,http://cerealfacts.org/media/cereal_images/KelloggHoneySmacks.jpg,56%,4%,148,15,1,40,100,27,117,http://cerealfacts.org/cereal_nutrition_scores.aspx?id=117,img_117_kellogghoneysmacks_cropped.png,"[53.48, 91.84, 184.52, 63.0, 78.83, 54.9]"
117,Adult,56,http://cerealfacts.org/media/cereal_images/KelloggLowFatGranolaWithRaisins.jpg,28%,7%,250,17,4,150,230,60,118,http://cerealfacts.org/cereal_nutrition_scores.aspx?id=118,img_118_kellogglowfatgranolawithraisins_cropped.png,"[102.68, 171.33, 181.33, 76.04, 65.29, 71.15]"
118,Adult,54,http://cerealfacts.org/media/cereal_images/KelloggLowFatGranolaWithoutRaisins.jpg,29%,6%,255,14,3,125,190,49,119,http://cerealfacts.org/cereal_nutrition_scores.aspx?id=119,img_119_kellogglowfatgranolawithoutraisins_cropped.png,"[101.68, 193.17, 189.91, 73.03, 55.6, 52.75]"
119,Family,74,http://cerealfacts.org/media/cereal_images/KelloggMiniWheatFrostedBigBite.jpg,21%,10%,0,12,6,0,200,58,120,http://cerealfacts.org/cereal_nutrition_scores.aspx?id=120,img_120_kelloggminiwheatfrostedbigbite_cropped.png,"[124.99, 131.42, 165.73, 79.11, 74.07, 88.09]"
120,Family,74,http://cerealfacts.org/media/cereal_images/KelloggMiniWheatFrostedBiteSize.jpg,20%,11%,0,11,6,0,190,54,121,http://cerealfacts.org/cereal_nutrition_scores.aspx?id=121,img_121_kelloggminiwheatfrostedbitesize_cropped.png,"[129.86, 148.88, 159.63, 85.19, 69.42, 90.4]"
121,Family,74,http://cerealfacts.org/media/cereal_images/KelloggMiniWheatFrostedBlueberryMuffin.jpg,22%,11%,0,12,6,0,190,55,122,http://cerealfacts.org/cereal_nutrition_scores.aspx?id=122,img_122_kelloggminiwheatfrostedblueberrymuffin_cropped.png,"[163.82, 156.85, 143.77, 53.05, 51.76, 70.33]"
122,Family,74,http://cerealfacts.org/media/cereal_images/KelloggMiniWheatFrostedCinnamonStreusel.jpg,22%,11%,0,12,6,0,190,54,123,http://cerealfacts.org/cereal_nutrition_scores.aspx?id=123,img_123_kelloggminiwheatfrostedcinnamonstreusel_cropped.png,"[112.57, 135.62, 157.12, 74.83, 65.48, 85.24]"
123,Family,74,http://cerealfacts.org/media/cereal_images/KelloggMiniWheatFrostedMapleBrownSugar.jpg,22%,11%,0,12,6,0,190,55,124,http://cerealfacts.org/cereal_nutrition_scores.aspx?id=124,img_124_kelloggminiwheatfrostedmaplebrownsugar_cropped.png,"[119.91, 131.02, 138.35, 74.87, 72.2, 87.77]"
124,Family,74,http://cerealfacts.org/media/cereal_images/KelloggMiniWheatFrostedStrawberryDelight.jpg,22%,11%,0,12,6,0,190,55,125,http://cerealfacts.org/cereal_nutrition_scores.aspx?id=125,img_125_kelloggminiwheatfrostedstrawberrydelight_cropped.png,"[152.61, 141.95, 177.7, 66.31, 67.24, 79.37]"
125,Family,82,http://cerealfacts.org/media/cereal_images/KelloggMiniWheatUnfrostedBiteSize.jpg,0%,15%,0,0,8,0,190,55,126,http://cerealfacts.org/cereal_nutrition_scores.aspx?id=126,img_126_kelloggminiwheatunfrostedbitesize_cropped.png,"[160.4, 151.58, 124.8, 56.87, 64.39, 99.11]"
126,Family,74,http://cerealfacts.org/media/cereal_images/KelloggMiniWheatFrostedMixedBerryTouchOfFruit.jpg,18%,11%,18,10,6,10,190,55,127,http://cerealfacts.org/cereal_nutrition_scores.aspx?id=127,img_127_kelloggminiwheatfrostedmixedberrytouchoffruit_cropped.png,"[127.57, 118.97, 113.68, 50.85, 55.81, 59.73]"
127,Family,54,http://cerealfacts.org/media/cereal_images/KelloggMiniWheatLittleBitesChocolate.jpg,22%,11%,382,12,6,210,190,55,128,http://cerealfacts.org/cereal_nutrition_scores.aspx?id=128,img_128_kelloggminiwheatlittlebiteschocolate_cropped.png,"[84.88, 89.27, 104.34, 61.35, 57.6, 53.38]"
128,Family,74,http://cerealfacts.org/media/cereal_images/KelloggMiniWheatLittleBitesCinnamonRoll.jpg,22%,11%,0,12,6,0,190,55,129,http://cerealfacts.org/cereal_nutrition_scores.aspx?id=129,img_129_kelloggminiwheatlittlebitescinnamonroll_cropped.png,"[116.36, 141.52, 148.07, 81.71, 59.72, 72.78]"
129,Family,74,http://cerealfacts.org/media/cereal_images/KelloggMiniWheatFrostedOriginal.jpg,20%,11%,0,11,6,0,190,55,130,http://cerealfacts.org/cereal_nutrition_scores.aspx?id=130,img_130_kelloggminiwheatfrostedoriginal_cropped.png,"[131.65, 166.39, 183.07, 72.57, 56.87, 86.51]"
130,Adult,58,http://cerealfacts.org/media/cereal_images/KelloggMueslix.jpg,25%,9%,255,14,5,140,200,55,131,http://cerealfacts.org/cereal_nutrition_scores.aspx?id=131,img_131_kelloggmueslix_cropped.png,"[104.19, 120.27, 187.92, 94.66, 83.45, 46.93]"
131,Adult,48,http://cerealfacts.org/media/cereal_images/KelloggProduct19.jpg,13%,3%,733,4,1,220,110,30,132,http://cerealfacts.org/cereal_nutrition_scores.aspx?id=132,img_132_kelloggproduct19_cropped.png,"[133.79, 130.1, 217.6, 80.9, 99.69, 34.25]"
132,Adult,50,http://cerealfacts.org/media/cereal_images/KelloggRaisinBranCrunch.jpg,36%,8%,377,19,4,200,190,53,133,http://cerealfacts.org/cereal_nutrition_scores.aspx?id=133,img_133_kelloggraisinbrancrunch_cropped.png,"[132.0, 124.83, 139.24, 77.74, 73.68, 73.0]"
133,Adult,54,http://cerealfacts.org/media/cereal_images/KelloggRaisinBranRegular.jpg,31%,12%,356,18,7,210,190,59,134,http://cerealfacts.org/cereal_nutrition_scores.aspx?id=134,img_134_kelloggraisinbranregular_cropped.png,"[94.84, 98.13, 147.56, 71.09, 83.58, 71.46]"
134,Child,38,http://cerealfacts.org/media/cereal_images/KelloggRiceKrispiesFrostedKrispies.jpg,40%,0%,367,12,0,110,110,30,135,http://cerealfacts.org/cereal_nutrition_scores.aspx?id=135,img_135_kelloggricekrispiesfrostedkrispies_cropped.png,"[175.8, 171.57, 155.73, 64.83, 58.48, 76.61]"
135,Child,38,http://cerealfacts.org/media/cereal_images/KelloggRiceKrispiesRiceKrispiesTreats.jpg,30%,0%,567,9,0,170,120,30,136,http://cerealfacts.org/cereal_nutrition_scores.aspx?id=136,img_136_kelloggricekrispiesricekrispiestreats_cropped.png,"[161.09, 137.21, 151.25, 63.18, 77.46, 76.75]"
136,Child,52,http://cerealfacts.org/media/cereal_images/KelloggRiceKrispiesRegular.jpg,12%,3%,576,4,1,190,130,33,137,http://cerealfacts.org/cereal_nutrition_scores.aspx?id=137,img_137_kelloggricekrispiesregular_cropped.png,"[151.18, 141.34, 124.44, 75.0, 72.58, 93.48]"
137,Child,64,http://cerealfacts.org/media/cereal_images/KelloggRiceKrispiesGlutenFree.jpg,3%,3%,600,1,1,180,110,30,138,http://cerealfacts.org/cereal_nutrition_scores.aspx?id=138,img_138_kelloggricekrispiesglutenfree_cropped.png,"[121.0, 132.99, 144.19, 57.01, 56.58, 66.26]"
138,Adult,48,http://cerealfacts.org/media/cereal_images/KelloggSmartStartOriginalAntioxidants.jpg,28%,6%,560,14,3,280,180,50,139,http://cerealfacts.org/cereal_nutrition_scores.aspx?id=139,img_139_kelloggsmartstartoriginalantioxidants_cropped.png,"[175.6, 182.49, 187.66, 79.04, 66.82, 62.11]"
139,Adult,56,http://cerealfacts.org/media/cereal_images/KelloggSmartStartToastedOat.jpg,28%,8%,233,17,5,140,220,60,140,http://cerealfacts.org/cereal_nutrition_scores.aspx?id=140,img_140_kelloggsmartstarttoastedoat_cropped.png,"[155.61, 180.67, 205.36, 88.15, 71.97, 65.84]"
140,Family,40,http://cerealfacts.org/media/cereal_images/KelloggSmorz.jpg,43%,3%,450,13,1,135,120,30,141,http://cerealfacts.org/cereal_nutrition_scores.aspx?id=141,img_141_kelloggsmorz_cropped.png,"[150.28, 149.18, 111.75, 89.11, 69.01, 89.85]"
141,Adult,52,http://cerealfacts.org/media/cereal_images/KelloggSpecialKBlueberry.jpg,27%,10%,467,8,3,140,110,30,142,http://cerealfacts.org/cereal_nutrition_scores.aspx?id=142,img_142_kelloggspecialkblueberry_cropped.png,"[162.15, 140.18, 172.09, 69.7, 77.73, 66.23]"
142,Adult,36,http://cerealfacts.org/media/cereal_images/KelloggSpecialKChocolateyDelight.jpg,29%,10%,581,9,3,180,120,31,143,http://cerealfacts.org/cereal_nutrition_scores.aspx?id=143,img_143_kelloggspecialkchocolateydelight_cropped.png,"[131.52, 149.06, 194.45, 77.78, 74.92, 53.55]"
143,Adult,48,http://cerealfacts.org/media/cereal_images/KelloggSpecialKCinnamonPecan.jpg,23%,10%,633,7,3,190,110,30,144,http://cerealfacts.org/cereal_nutrition_scores.aspx?id=144,img_144_kelloggspecialkcinnamonpecan_cropped.png,"[120.94, 155.44, 208.42, 69.92, 65.47, 57.22]"
144,Adult,50,http://cerealfacts.org/media/cereal_images/KelloggSpecialKFruitYogurt.jpg,31%,9%,438,10,3,140,120,32,145,http://cerealfacts.org/cereal_nutrition_scores.aspx?id=145,img_145_kelloggspecialkfruityogurt_cropped.png,"[169.69, 159.91, 201.13, 77.18, 74.62, 49.41]"
145,Adult,70,http://cerealfacts.org/media/cereal_images/KelloggSpecialKProteinPlus.jpg,7%,17%,379,2,5,110,100,29,146,http://cerealfacts.org/cereal_nutrition_scores.aspx?id=146,img_146_kelloggspecialkproteinplus_cropped.png,"[172.77, 162.72, 174.75, 78.17, 70.57, 67.61]"
146,Adult,48,http://cerealfacts.org/media/cereal_images/KelloggSpecialKRedBerries.jpg,29%,10%,613,9,3,190,110,31,147,http://cerealfacts.org/cereal_nutrition_scores.aspx?id=147,img_147_kelloggspecialkredberries_cropped.png,"[146.2, 148.59, 205.51, 90.56, 86.47, 54.7]"
147,Adult,44,http://cerealfacts.org/media/cereal_images/KelloggSpecialKRegular.jpg,13%,0%,710,4,0,220,120,31,148,http://cerealfacts.org/cereal_nutrition_scores.aspx?id=148,img_148_kelloggspecialkregular_cropped.png,"[191.61, 193.53, 218.95, 66.39, 65.76, 34.24]"
148,Adult,48,http://cerealfacts.org/media/cereal_images/KelloggSpecialKVanillaAlmond.jpg,30%,10%,567,9,3,170,110,30,149,http://cerealfacts.org/cereal_nutrition_scores.aspx?id=149,img_149_kelloggspecialkvanillaalmond_cropped.png,"[116.11, 144.77, 203.6, 64.06, 78.17, 50.12]"
149,Adult,50,http://cerealfacts.org/media/cereal_images/KelloggSpecialKMultigrainOatsHoney.jpg,28%,10%,483,8,3,140,100,29,150,http://cerealfacts.org/cereal_nutrition_scores.aspx?id=150,img_150_kelloggspecialkmultigrainoatshoney_cropped.png,"[131.35, 139.54, 170.74, 66.67, 64.41, 50.34]"
150,Adult,76,http://cerealfacts.org/media/cereal_images/KelloggSpecialKLowFatGranola.jpg,6%,10%,221,3,5,115,190,52,151,http://cerealfacts.org/cereal_nutrition_scores.aspx?id=151,img_151_kelloggspecialklowfatgranola_cropped.png,"[117.81, 133.72, 133.41, 75.53, 63.49, 53.4]"
151,Adult,56,http://cerealfacts.org/media/cereal_images/KelloggBearNakedCerealNutClusterCrunchHoneyAlmond.jpg,22%,6%,449,11,3,220,180,49,152,http://cerealfacts.org/cereal_nutrition_scores.aspx?id=152,img_152_kelloggbearnakedcerealnutclustercrunchhoneyalmond_cropped.png,"[120.43, 169.11, 205.16, 93.72, 66.53, 58.04]"
152,Adult,56,http://cerealfacts.org/media/cereal_images/KelloggBearNakedCerealNutClusterCrunchMapleNut.jpg,22%,7%,441,13,4,260,220,59,153,http://cerealfacts.org/cereal_nutrition_scores.aspx?id=153,img_153_kelloggbearnakedcerealnutclustercrunchmaplenut_cropped.png,"[112.17, 134.92, 201.88, 90.59, 79.81, 59.11]"
153,Adult,44,http://cerealfacts.org/media/cereal_images/KelloggCinnabon.jpg,40%,3%,383,12,1,115,120,30,154,http://cerealfacts.org/cereal_nutrition_scores.aspx?id=154,img_154_kelloggcinnabon_cropped.png,"[120.05, 132.81, 161.58, 64.16, 65.19, 73.76]"
154,Adult,56,http://cerealfacts.org/media/cereal_images/KashiGranolaCocoaBeach.jpg,18%,13%,236,10,7,130,220,55,155,http://cerealfacts.org/cereal_nutrition_scores.aspx?id=155,img_155_kashigranolacocoabeach_cropped.png,"[147.0, 166.5, 186.64, 91.36, 81.33, 71.96]"
155,Adult,56,http://cerealfacts.org/media/cereal_images/KashiGranolaMtMedleyGranola.jpg,18%,11%,245,10,6,135,230,55,156,http://cerealfacts.org/cereal_nutrition_scores.aspx?id=156,img_156_kashigranolamtmedleygranola_cropped.png,"[139.06, 162.95, 193.1, 89.49, 78.31, 57.9]"
156,Adult,70,http://cerealfacts.org/media/cereal_images/KashiShreddedWheatTypeAutumnWheat.jpg,20%,13%,227,11,7,125,210,55,157,http://cerealfacts.org/cereal_nutrition_scores.aspx?id=157,img_157_kashishreddedwheattypeautumnwheat_cropped.png,"[139.82, 173.21, 206.24, 82.55, 67.22, 57.29]"
157,Adult,76,http://cerealfacts.org/media/cereal_images/KashiShreddedWheatTypeCinnamonHarvest.jpg,16%,9%,0,9,5,0,180,55,158,http://cerealfacts.org/cereal_nutrition_scores.aspx?id=158,img_158_kashishreddedwheattypecinnamonharvest_cropped.png,"[152.44, 168.32, 192.4, 77.77, 67.97, 54.78]"
158,Adult,76,http://cerealfacts.org/media/cereal_images/KashiShreddedWheatTypeIslandVanilla.jpg,16%,11%,9,9,6,5,190,55,159,http://cerealfacts.org/cereal_nutrition_scores.aspx?id=159,img_159_kashishreddedwheattypeislandvanilla_cropped.png,"[163.04, 195.08, 208.43, 78.28, 54.74, 56.32]"
159,Adult,74,http://cerealfacts.org/media/cereal_images/KashiFlakes7WholeGrainsFlakes.jpg,8%,12%,300,4,6,150,180,50,160,http://cerealfacts.org/cereal_nutrition_scores.aspx?id=160,img_160_kashiflakes7wholegrainsflakes_cropped.png,"[177.22, 200.57, 220.22, 88.19, 63.48, 61.29]"
160,Adult,78,http://cerealfacts.org/media/cereal_images/KashiGoLeanOriginal.jpg,12%,19%,163,6,10,85,140,52,161,http://cerealfacts.org/cereal_nutrition_scores.aspx?id=161,img_161_kashigoleanoriginal_cropped.png,"[150.74, 174.14, 205.72, 84.2, 73.42, 49.19]"
161,Adult,58,http://cerealfacts.org/media/cereal_images/KashiGoLeanCrunchHoneyAlmondFlax.jpg,23%,15%,264,12,8,140,200,53,162,http://cerealfacts.org/cereal_nutrition_scores.aspx?id=162,img_162_kashigoleancrunchhoneyalmondflax_cropped.png,"[156.35, 195.48, 216.66, 93.69, 64.61, 49.28]"
162,Adult,58,http://cerealfacts.org/media/cereal_images/KashiGoLeanCrunchOriginal.jpg,25%,15%,189,13,8,100,190,53,163,http://cerealfacts.org/cereal_nutrition_scores.aspx?id=163,img_163_kashigoleancrunchoriginal_cropped.png,"[158.99, 166.62, 195.77, 93.65, 98.64, 72.63]"
163,Adult,72,http://cerealfacts.org/media/cereal_images/KashiGoodFriendsOriginal.jpg,19%,23%,208,10,12,110,160,53,164,http://cerealfacts.org/cereal_nutrition_scores.aspx?id=164,img_164_kashigoodfriendsoriginal_cropped.png,"[71.57, 79.63, 150.41, 70.01, 89.45, 62.07]"
164,Adult,72,http://cerealfacts.org/media/cereal_images/KashiHeartToHeartHoneyToastedOat.jpg,15%,15%,258,5,5,85,120,33,165,http://cerealfacts.org/cereal_nutrition_scores.aspx?id=165,img_165_kashihearttohearthoneytoastedoat_cropped.png,"[177.11, 193.24, 212.92, 84.89, 71.55, 55.15]"
165,Adult,70,http://cerealfacts.org/media/cereal_images/KashiHeartToHeartOatFlakesWildBlueberryClusters.jpg,22%,7%,245,12,4,135,200,55,166,http://cerealfacts.org/cereal_nutrition_scores.aspx?id=166,img_166_kashihearttoheartoatflakeswildblueberryclusters_cropped.png,"[182.08, 190.38, 201.33, 84.9, 73.14, 69.05]"
166,Adult,72,http://cerealfacts.org/media/cereal_images/KashiHeartTohHeartWarmCinnamonOat.jpg,15%,15%,242,5,5,80,120,33,167,http://cerealfacts.org/cereal_nutrition_scores.aspx?id=167,img_167_kashihearttohheartwarmcinnamonoat_cropped.png,"[181.12, 191.93, 203.96, 90.7, 72.78, 64.06]"
167,Adult,74,http://cerealfacts.org/media/cereal_images/KashiHoneyPuffs7WholeGrainsHoneyPuffs.jpg,20%,7%,0,6,2,0,120,30,168,http://cerealfacts.org/cereal_nutrition_scores.aspx?id=168,img_168_kashihoneypuffs7wholegrainshoneypuffs_cropped.png,"[156.85, 177.34, 191.64, 85.72, 63.69, 56.81]"
168,Family,56,http://cerealfacts.org/media/cereal_images/KashiSquaresHoneySunshine.jpg,20%,17%,450,6,5,135,100,30,169,http://cerealfacts.org/cereal_nutrition_scores.aspx?id=169,img_169_kashisquareshoneysunshine_cropped.png,"[190.5, 219.3, 224.78, 82.4, 47.12, 52.53]"
169,Family,54,http://cerealfacts.org/media/cereal_images/KashiSquaresBerryBlossoms.jpg,23%,20%,417,7,6,125,100,30,170,http://cerealfacts.org/cereal_nutrition_scores.aspx?id=170,img_170_kashisquaresberryblossoms_cropped.png,"[179.85, 184.33, 205.47, 88.14, 88.59, 65.75]"
170,Adult,72,http://cerealfacts.org/media/cereal_images/KashiNuggets7WholeGrainsNuggets.jpg,5%,12%,448,3,7,260,210,58,171,http://cerealfacts.org/cereal_nutrition_scores.aspx?id=171,img_171_kashinuggets7wholegrainsnuggets_cropped.png,"[164.43, 166.94, 183.75, 82.4, 74.75, 63.83]"
171,None,82,http://cerealfacts.org/media/cereal_images/KashiPuffs7WholeGrainsPuffs.jpg,0%,5%,0,0,1,0,70,19,172,http://cerealfacts.org/cereal_nutrition_scores.aspx?id=172,img_172_kashipuffs7wholegrainspuffs_cropped.png,"[197.14, 203.35, 212.24, 82.0, 79.47, 67.17]"
172,Adult,46,http://cerealfacts.org/media/cereal_images/KashiStrawberryFields.jpg,28%,3%,531,9,1,170,120,32,173,http://cerealfacts.org/cereal_nutrition_scores.aspx?id=173,img_173_kashistrawberryfields_cropped.png,"[158.79, 168.71, 196.1, 82.08, 77.51, 56.04]"
173,Adult,70,http://cerealfacts.org/media/cereal_images/KashiUBlackCurrantsWalnuts.jpg,20%,13%,227,11,7,125,210,55,174,http://cerealfacts.org/cereal_nutrition_scores.aspx?id=174,img_174_kashiublackcurrantswalnuts_cropped.png,"[87.86, 130.73, 136.04, 32.84, 37.68, 28.58]"
174,Adult,70,http://cerealfacts.org/media/cereal_images/KashiGoLeanCrispCinnamonCrumble.jpg,20%,18%,255,10,9,130,190,51,175,http://cerealfacts.org/cereal_nutrition_scores.aspx?id=175,img_175_kashigoleancrispcinnamoncrumble_cropped.png,"[148.97, 179.33, 215.34, 95.75, 76.54, 57.42]"
175,Adult,70,http://cerealfacts.org/media/cereal_images/KashiGoLeanCrispBerryCrumble.jpg,20%,16%,245,10,8,125,180,51,176,http://cerealfacts.org/cereal_nutrition_scores.aspx?id=176,img_176_kashigoleancrispberrycrumble_cropped.png,"[148.32, 165.79, 191.85, 76.24, 66.1, 49.0]"
176,Family,72,http://cerealfacts.org/media/cereal_images/KashiGoldenGoodness.jpg,13%,10%,283,8,6,170,210,60,177,http://cerealfacts.org/cereal_nutrition_scores.aspx?id=177,img_177_kashigoldengoodness_cropped.png,"[181.21, 205.79, 221.99, 90.45, 62.53, 55.9]"
177,Adult,54,http://cerealfacts.org/media/cereal_images/KashiOrganicCeralIndigoMorning.jpg,22%,7%,463,6,2,125,100,27,178,http://cerealfacts.org/cereal_nutrition_scores.aspx?id=178,img_178_kashiorganicceralindigomorning_cropped.png,"[155.39, 170.3, 181.43, 84.45, 69.38, 73.93]"
178,Adult,56,http://cerealfacts.org/media/cereal_images/KashiOrganicCerealSimplyMaize.jpg,22%,7%,407,6,2,110,100,27,179,http://cerealfacts.org/cereal_nutrition_scores.aspx?id=179,img_179_kashiorganiccerealsimplymaize_cropped.png,"[178.26, 209.93, 211.22, 79.52, 53.33, 60.44]"
179,Adult,54,http://cerealfacts.org/media/cereal_images/NewmansOwnFlakeNStrawberry.jpg,27%,7%,433,8,2,130,110,30,180,http://cerealfacts.org/cereal_nutrition_scores.aspx?id=180,img_180_newmansownflakenstrawberry_cropped.png,"[99.89, 121.3, 184.73, 73.2, 79.01, 51.52]"
180,Adult,56,http://cerealfacts.org/media/cereal_images/NewmansOwnHoneyFlaxFlakes.jpg,27%,13%,267,8,4,80,100,30,181,http://cerealfacts.org/cereal_nutrition_scores.aspx?id=181,img_181_newmansownhoneyflaxflakes_cropped.png,"[115.6, 137.45, 138.54, 71.62, 60.8, 62.92]"
181,Adult,74,http://cerealfacts.org/media/cereal_images/NewmansOwnCinnamonFiberFlakes.jpg,20%,27%,0,6,8,0,90,30,182,http://cerealfacts.org/cereal_nutrition_scores.aspx?id=182,img_182_newmansowncinnamonfiberflakes_cropped.png,"[74.15, 105.97, 176.51, 46.7, 51.42, 51.28]"
182,Adult,54,http://cerealfacts.org/media/cereal_images/NewmansOwnVanillaAlmond.jpg,23%,7%,417,7,2,125,110,30,183,http://cerealfacts.org/cereal_nutrition_scores.aspx?id=183,img_183_newmansownvanillaalmond_cropped.png,"[128.45, 171.09, 191.89, 77.33, 69.04, 63.85]"
183,Child,54,http://cerealfacts.org/media/cereal_images/NPEnvirokidzOrganicAmazonFrostedFlakes.jpg,23%,7%,400,7,2,120,120,30,184,http://cerealfacts.org/cereal_nutrition_scores.aspx?id=184,img_184_npenvirokidzorganicamazonfrostedflakes_cropped.png,"[36.27, 93.55, 116.95, 50.0, 66.21, 78.92]"
184,Child,54,http://cerealfacts.org/media/cereal_images/NPEnvirokidzOrganicGorillaMunch.jpg,30%,7%,333,9,2,100,115,30,185,http://cerealfacts.org/cereal_nutrition_scores.aspx?id=185,img_185_npenvirokidzorganicgorillamunch_cropped.png,"[97.66, 131.28, 129.08, 66.22, 70.5, 77.42]"
185,Child,48,http://cerealfacts.org/media/cereal_images/NPEnvirokidzOrganicKoalaCrisp.jpg,30%,3%,450,9,1,135,120,30,186,http://cerealfacts.org/cereal_nutrition_scores.aspx?id=186,img_186_npenvirokidzorganickoalacrisp_cropped.png,"[129.5, 144.68, 151.55, 65.6, 60.66, 71.67]"
186,Child,54,http://cerealfacts.org/media/cereal_images/NPEnvirokidzOrganicLeapinLemurs.jpg,27%,7%,383,8,2,115,120,30,187,http://cerealfacts.org/cereal_nutrition_scores.aspx?id=187,img_187_npenvirokidzorganicleapinlemurs_cropped.png,"[101.5, 157.11, 162.75, 71.17, 67.21, 72.64]"
187,Child,44,http://cerealfacts.org/media/cereal_images/NPEnvirokidzOrganicPeanutButterPandaPuffs.jpg,40%,3%,317,12,1,95,130,30,188,http://cerealfacts.org/cereal_nutrition_scores.aspx?id=188,img_188_npenvirokidzorganicpeanutbutterpandapuffs_cropped.png,"[123.88, 148.38, 165.53, 71.5, 72.48, 76.52]"
188,Adult,52,http://cerealfacts.org/media/cereal_images/NPFlaxPlusMultibranFlakes.jpg,17%,23%,633,5,7,190,100,30,189,http://cerealfacts.org/cereal_nutrition_scores.aspx?id=189,img_189_npflaxplusmultibranflakes_cropped.png,"[122.97, 133.3, 145.87, 56.19, 75.72, 90.74]"
189,Adult,58,http://cerealfacts.org/media/cereal_images/NPFlaxPlusRedberryCrunch.jpg,18%,9%,291,10,5,160,210,55,190,http://cerealfacts.org/cereal_nutrition_scores.aspx?id=190,img_190_npflaxplusredberrycrunch_cropped.png,"[96.16, 94.4, 166.88, 63.23, 80.96, 51.47]"
190,Adult,56,http://cerealfacts.org/media/cereal_images/NPFlaxPlusMaplePecanCrunch.jpg,18%,9%,345,10,5,190,220,55,191,http://cerealfacts.org/cereal_nutrition_scores.aspx?id=191,img_191_npflaxplusmaplepecancrunch_cropped.png,"[111.28, 144.92, 193.59, 76.48, 73.12, 56.15]"
191,Adult,56,http://cerealfacts.org/media/cereal_images/NPFlaxPlusPumpkinRaisinCrunch.jpg,24%,13%,273,13,7,150,210,55,192,http://cerealfacts.org/cereal_nutrition_scores.aspx?id=192,img_192_npflaxpluspumpkinraisincrunch_cropped.png,"[92.8, 134.37, 169.79, 49.56, 71.74, 80.63]"
192,Adult,58,http://cerealfacts.org/media/cereal_images/NPFlaxPlusRaisinBranFlakes.jpg,22%,15%,345,12,8,190,190,55,193,http://cerealfacts.org/cereal_nutrition_scores.aspx?id=193,img_193_npflaxplusraisinbranflakes_cropped.png,"[79.82, 69.2, 117.19, 35.97, 37.34, 34.84]"
193,Adult,58,http://cerealfacts.org/media/cereal_images/NPHeritageCrunch.jpg,11%,11%,382,6,6,210,230,55,194,http://cerealfacts.org/cereal_nutrition_scores.aspx?id=194,img_194_npheritagecrunch_cropped.png,"[77.12, 134.54, 177.16, 54.27, 73.83, 80.11]"
194,Adult,54,http://cerealfacts.org/media/cereal_images/NPSunriseCrunchyMaple.jpg,23%,10%,433,7,3,130,110,30,195,http://cerealfacts.org/cereal_nutrition_scores.aspx?id=195,img_195_npsunrisecrunchymaple_cropped.png,"[48.28, 105.68, 149.17, 68.3, 58.66, 56.09]"
195,Adult,54,http://cerealfacts.org/media/cereal_images/NPSunriseCrunchyVanilla.jpg,23%,10%,433,7,3,130,110,30,196,http://cerealfacts.org/cereal_nutrition_scores.aspx?id=196,img_196_npsunrisecrunchyvanilla_cropped.png,"[156.64, 178.61, 198.42, 75.22, 58.21, 49.4]"
196,Adult,68,http://cerealfacts.org/media/cereal_images/NPCrispyRiceCereal.jpg,7%,7%,533,2,2,160,110,30,197,http://cerealfacts.org/cereal_nutrition_scores.aspx?id=197,img_197_npcrispyricecereal_cropped.png,"[131.7, 129.35, 112.89, 60.57, 66.21, 93.36]"
197,Adult,58,http://cerealfacts.org/media/cereal_images/NPFruitJuiceSweetenedCornFlakes.jpg,10%,0%,417,3,0,125,120,30,198,http://cerealfacts.org/cereal_nutrition_scores.aspx?id=198,img_198_npfruitjuicesweetenedcornflakes_cropped.png,"[132.44, 188.65, 197.45, 71.45, 58.28, 79.43]"
198,Family,44,http://cerealfacts.org/media/cereal_images/PostAlphaBits.jpg,36%,7%,643,10,2,180,110,28,199,http://cerealfacts.org/cereal_nutrition_scores.aspx?id=199,img_199_postalphabits_cropped.png,"[147.72, 137.03, 116.16, 59.2, 53.4, 86.76]"
199,Adult,54,http://cerealfacts.org/media/cereal_images/PostBranFlakes.jpg,17%,17%,600,5,5,180,100,30,200,http://cerealfacts.org/cereal_nutrition_scores.aspx?id=200,img_200_postbranflakes_cropped.png,"[53.52, 147.5, 217.36, 68.53, 47.03, 50.85]"
200,Family,46,http://cerealfacts.org/media/cereal_images/PostGoldenCrisp.jpg,52%,4%,93,14,1,25,110,27,201,http://cerealfacts.org/cereal_nutrition_scores.aspx?id=201,img_201_postgoldencrisp_cropped.png,"[95.29, 147.65, 169.98, 84.98, 66.86, 83.18]"
201,Adult,58,http://cerealfacts.org/media/cereal_images/PostGrapeNutsFlakes.jpg,14%,10%,431,4,3,125,110,29,202,http://cerealfacts.org/cereal_nutrition_scores.aspx?id=202,img_202_postgrapenutsflakes_cropped.png,"[178.01, 189.47, 212.97, 77.35, 71.37, 44.52]"
202,Adult,70,http://cerealfacts.org/media/cereal_images/PostGrapeNutsRegular.jpg,9%,12%,500,5,7,290,200,58,203,http://cerealfacts.org/cereal_nutrition_scores.aspx?id=203,img_203_postgrapenutsregular_cropped.png,"[162.93, 160.27, 180.91, 60.86, 69.27, 53.22]"
203,Adult,54,http://cerealfacts.org/media/cereal_images/PostHBOHoneyRoasted.jpg,20%,7%,467,6,2,140,120,30,204,http://cerealfacts.org/cereal_nutrition_scores.aspx?id=204,img_204_posthbohoneyroasted_cropped.png,"[117.81, 171.82, 218.32, 89.63, 69.76, 54.02]"
204,Adult,54,http://cerealfacts.org/media/cereal_images/PostHBOWithAlmonds.jpg,19%,6%,422,6,2,135,130,32,205,http://cerealfacts.org/cereal_nutrition_scores.aspx?id=205,img_205_posthbowithalmonds_cropped.png,"[125.33, 159.24, 174.67, 95.91, 76.51, 89.05]"
205,Adult,54,http://cerealfacts.org/media/cereal_images/PostHBOWithCinnamonClusters.jpg,20%,7%,500,6,2,150,120,30,206,http://cerealfacts.org/cereal_nutrition_scores.aspx?id=206,img_206_posthbowithcinnamonclusters_cropped.png,"[117.31, 145.87, 206.01, 86.04, 80.76, 44.11]"
206,Adult,54,http://cerealfacts.org/media/cereal_images/PostHBOWithRealStrawberries.jpg,26%,6%,403,8,2,125,120,31,207,http://cerealfacts.org/cereal_nutrition_scores.aspx?id=207,img_207_posthbowithrealstrawberries_cropped.png,"[81.35, 111.46, 188.42, 88.18, 80.46, 52.42]"
207,Adult,58,http://cerealfacts.org/media/cereal_images/PostHBOWithVanillaClusters.jpg,21%,7%,304,12,4,170,220,56,208,http://cerealfacts.org/cereal_nutrition_scores.aspx?id=208,img_208_posthbowithvanillaclusters_cropped.png,"[91.49, 134.63, 189.29, 98.78, 80.41, 58.24]"
208,Adult,48,http://cerealfacts.org/media/cereal_images/PostHBOWithPecanBunches.jpg,21%,3%,483,6,1,140,120,29,209,http://cerealfacts.org/cereal_nutrition_scores.aspx?id=209,img_209_posthbowithpecanbunches_cropped.png,"[81.8, 139.43, 168.13, 95.13, 78.68, 80.49]"
209,Adult,54,http://cerealfacts.org/media/cereal_images/PostHBORaisinMedley.jpg,27%,4%,346,14,2,180,200,52,210,http://cerealfacts.org/cereal_nutrition_scores.aspx?id=210,img_210_posthboraisinmedley_cropped.png,"[79.72, 123.58, 147.13, 76.45, 63.93, 56.53]"
210,Adult,58,http://cerealfacts.org/media/cereal_images/PostHBOJustBunchesHoneyRoasted.jpg,25%,7%,140,14,4,80,250,57,211,http://cerealfacts.org/cereal_nutrition_scores.aspx?id=211,img_211_posthbojustbuncheshoneyroasted_cropped.png,"[110.67, 179.25, 215.13, 78.54, 64.67, 62.69]"
211,Child,40,http://cerealfacts.org/media/cereal_images/PostHoneyCombRegular.jpg,31%,3%,562,10,1,180,130,32,212,http://cerealfacts.org/cereal_nutrition_scores.aspx?id=212,img_212_posthoneycombregular_cropped.png,"[89.34, 152.24, 181.04, 75.81, 60.33, 73.36]"
212,Child,26,http://cerealfacts.org/media/cereal_images/PostPebblesCocoa.jpg,37%,0%,633,11,0,190,120,30,213,http://cerealfacts.org/cereal_nutrition_scores.aspx?id=213,img_213_postpebblescocoa_cropped.png,"[52.04, 95.32, 137.98, 59.33, 67.02, 63.21]"
213,Child,26,http://cerealfacts.org/media/cereal_images/PostPebblesFruity.jpg,37%,0%,633,11,0,190,120,30,214,http://cerealfacts.org/cereal_nutrition_scores.aspx?id=214,img_214_postpebblesfruity_cropped.png,"[76.23, 110.0, 185.05, 65.14, 81.74, 72.62]"
214,Child,50,http://cerealfacts.org/media/cereal_images/PostPebblesBouldersChocolatePeanutButter.jpg,30%,7%,296,8,2,80,110,27,215,http://cerealfacts.org/cereal_nutrition_scores.aspx?id=215,img_215_postpebblesboulderschocolatepeanutbutter_cropped.png,"[69.15, 121.86, 193.46, 76.54, 67.87, 62.21]"
215,Child,28,http://cerealfacts.org/media/cereal_images/PostPebblesMarshmallow.jpg,37%,0%,667,10,0,180,110,27,216,http://cerealfacts.org/cereal_nutrition_scores.aspx?id=216,img_216_postpebblesmarshmallow_cropped.png,"[121.83, 146.24, 130.11, 85.21, 69.12, 106.18]"
216,Family,50,http://cerealfacts.org/media/cereal_images/PostRaisinBran.jpg,32%,14%,424,19,8,250,190,59,217,http://cerealfacts.org/cereal_nutrition_scores.aspx?id=217,img_217_postraisinbran_cropped.png,"[122.91, 94.94, 118.85, 70.94, 81.14, 77.01]"
217,Adult,48,http://cerealfacts.org/media/cereal_images/PostSelectsBlueberryMorning.jpg,29%,4%,382,16,2,210,220,55,218,http://cerealfacts.org/cereal_nutrition_scores.aspx?id=218,img_218_postselectsblueberrymorning_cropped.png,"[115.06, 143.58, 151.82, 64.12, 69.93, 97.72]"
218,Adult,56,http://cerealfacts.org/media/cereal_images/PostSelectsMaplePecanCrunch.jpg,23%,8%,240,12,4,125,210,52,219,http://cerealfacts.org/cereal_nutrition_scores.aspx?id=219,img_219_postselectsmaplepecancrunch_cropped.png,"[132.87, 174.76, 218.92, 85.49, 62.18, 35.68]"
219,Adult,58,http://cerealfacts.org/media/cereal_images/PostSelectsGreatGrainsCranberryAlmondCrunch.jpg,25%,10%,219,12,5,105,180,48,220,http://cerealfacts.org/cereal_nutrition_scores.aspx?id=220,img_220_postselectsgreatgrainscranberryalmondcrunch_cropped.png,"[99.49, 122.86, 196.05, 72.72, 83.92, 53.28]"
220,Adult,58,http://cerealfacts.org/media/cereal_images/PostSelectsGreatGrainsCrunchyPecans.jpg,15%,10%,288,8,5,150,210,52,221,http://cerealfacts.org/cereal_nutrition_scores.aspx?id=221,img_221_postselectsgreatgrainscrunchypecans_cropped.png,"[133.63, 155.39, 186.61, 82.64, 79.29, 61.09]"
221,Adult,58,http://cerealfacts.org/media/cereal_images/PostSelectsGreatGrainsRaisinDatePecan.jpg,24%,9%,245,13,5,135,210,55,222,http://cerealfacts.org/cereal_nutrition_scores.aspx?id=222,img_222_postselectsgreatgrainsraisindatepecan_cropped.png,"[92.63, 121.15, 186.18, 75.18, 82.95, 66.83]"
222,Adult,56,http://cerealfacts.org/media/cereal_images/PostSelectsGreatGrainsBananaNutCrunch.jpg,19%,12%,237,11,7,140,240,59,223,http://cerealfacts.org/cereal_nutrition_scores.aspx?id=223,img_223_postselectsgreatgrainsbanananutcrunch_cropped.png,"[92.74, 147.42, 185.1, 91.35, 61.63, 46.54]"
223,Adult,82,http://cerealfacts.org/media/cereal_images/PostShreddedWheatOriginal.jpg,0%,13%,0,0,6,0,160,47,224,http://cerealfacts.org/cereal_nutrition_scores.aspx?id=224,img_224_postshreddedwheatoriginal_cropped.png,"[72.85, 78.53, 207.93, 61.65, 70.83, 32.3]"
224,Adult,72,http://cerealfacts.org/media/cereal_images/PostShreddedWheatSpoonSizeHoneyNut.jpg,20%,10%,102,12,6,60,220,59,225,http://cerealfacts.org/cereal_nutrition_scores.aspx?id=225,img_225_postshreddedwheatspoonsizehoneynut_cropped.png,"[71.89, 140.05, 229.24, 59.18, 49.05, 34.78]"
225,Adult,82,http://cerealfacts.org/media/cereal_images/PostShreddedWheatSpoonSizeOriginal.jpg,0%,12%,0,0,6,0,170,49,226,http://cerealfacts.org/cereal_nutrition_scores.aspx?id=226,img_226_postshreddedwheatspoonsizeoriginal_cropped.png,"[75.65, 81.73, 208.43, 61.74, 70.99, 32.27]"
226,Adult,82,http://cerealfacts.org/media/cereal_images/PostShreddedWheatSpoonSizeWheatNBran.jpg,0%,15%,0,0,9,0,200,59,227,http://cerealfacts.org/cereal_nutrition_scores.aspx?id=227,img_227_postshreddedwheatspoonsizewheatnbran_cropped.png,"[69.9, 88.67, 144.95, 63.83, 65.66, 52.07]"
227,Adult,74,http://cerealfacts.org/media/cereal_images/PostShreddedWheatSpoonSizeLightlyFrosted.jpg,21%,11%,0,12,6,0,200,56,228,http://cerealfacts.org/cereal_nutrition_scores.aspx?id=228,img_228_postshreddedwheatspoonsizelightlyfrosted_cropped.png,"[210.3, 191.31, 149.9, 51.59, 47.56, 76.23]"
228,Family,44,http://cerealfacts.org/media/cereal_images/PostWaffleCrisp.jpg,40%,3%,383,12,1,115,120,30,229,http://cerealfacts.org/cereal_nutrition_scores.aspx?id=229,img_229_postwafflecrisp_cropped.png,"[54.13, 127.32, 189.58, 70.66, 63.65, 67.97]"
229,Adult,56,http://cerealfacts.org/media/cereal_images/PeaceFrenchVanillaGranola.jpg,27%,5%,127,15,3,70,240,55,230,http://cerealfacts.org/cereal_nutrition_scores.aspx?id=230,img_230_peacefrenchvanillagranola_cropped.png,"[108.91, 109.85, 124.77, 56.52, 50.57, 43.16]"
230,Adult,58,http://cerealfacts.org/media/cereal_images/PeaceGoldenHoneyGranola.jpg,18%,7%,218,10,4,120,240,55,231,http://cerealfacts.org/cereal_nutrition_scores.aspx?id=231,img_231_peacegoldenhoneygranola_cropped.png,"[138.78, 151.34, 172.03, 84.65, 68.27, 39.09]"
231,Adult,46,http://cerealfacts.org/media/cereal_images/PeaceMangoPassion.jpg,18%,4%,600,10,2,330,230,55,232,http://cerealfacts.org/cereal_nutrition_scores.aspx?id=232,img_232_peacemangopassion_cropped.png,"[127.69, 145.03, 177.76, 88.04, 69.41, 34.28]"
232,Adult,54,http://cerealfacts.org/media/cereal_images/PeaceMaplePecan.jpg,20%,5%,400,11,3,220,240,55,233,http://cerealfacts.org/cereal_nutrition_scores.aspx?id=233,img_233_peacemaplepecan_cropped.png,"[137.32, 162.26, 200.6, 90.11, 73.58, 47.4]"
233,Adult,54,http://cerealfacts.org/media/cereal_images/PeaceRasberryGinger.jpg,22%,5%,418,12,3,230,230,55,234,http://cerealfacts.org/cereal_nutrition_scores.aspx?id=234,img_234_peacerasberryginger_cropped.png,"[136.73, 163.33, 206.44, 90.88, 72.39, 34.71]"
234,Adult,54,http://cerealfacts.org/media/cereal_images/PeaceVanillaAlmond.jpg,20%,5%,382,11,3,210,240,55,235,http://cerealfacts.org/cereal_nutrition_scores.aspx?id=235,img_235_peacevanillaalmond_cropped.png,"[164.92, 186.65, 213.29, 80.5, 63.8, 36.39]"
235,Adult,56,http://cerealfacts.org/media/cereal_images/PeaceWildBerryCrisp.jpg,13%,5%,600,7,3,330,220,55,236,http://cerealfacts.org/cereal_nutrition_scores.aspx?id=236,img_236_peacewildberrycrisp_cropped.png,"[136.14, 163.4, 207.57, 101.61, 84.16, 40.61]"
236,Adult,58,http://cerealfacts.org/media/cereal_images/PeaceCherryAlmond.jpg,24%,5%,136,13,3,75,240,55,237,http://cerealfacts.org/cereal_nutrition_scores.aspx?id=237,img_237_peacecherryalmond_cropped.png,"[161.45, 177.01, 207.95, 82.7, 71.78, 42.34]"
237,Adult,70,http://cerealfacts.org/media/cereal_images/PeaceHeartyRaisinBran.jpg,16%,15%,309,9,8,170,190,55,238,http://cerealfacts.org/cereal_nutrition_scores.aspx?id=238,img_238_peaceheartyraisinbran_cropped.png,"[148.4, 165.55, 200.14, 90.43, 77.62, 50.26]"
238,Adult,70,http://cerealfacts.org/media/cereal_images/PeaceGojiBerry.jpg,13%,9%,345,7,5,190,210,55,239,http://cerealfacts.org/cereal_nutrition_scores.aspx?id=239,img_239_peacegojiberry_cropped.png,"[157.05, 174.14, 198.28, 86.03, 68.91, 50.84]"
239,Adult,70,http://cerealfacts.org/media/cereal_images/PeaceBlueberryPomegranate.jpg,25%,5%,36,14,3,20,240,55,240,http://cerealfacts.org/cereal_nutrition_scores.aspx?id=240,img_240_peaceblueberrypomegranate_cropped.png,"[155.17, 169.22, 203.66, 83.01, 73.65, 48.08]"
240,Adult,52,http://cerealfacts.org/media/cereal_images/PeaceAppleCinnamon.jpg,22%,5%,545,12,3,300,220,55,241,http://cerealfacts.org/cereal_nutrition_scores.aspx?id=241,img_241_peaceapplecinnamon_cropped.png,"[150.91, 179.15, 199.69, 88.62, 69.87, 50.7]"
241,Adult,52,http://cerealfacts.org/media/cereal_images/PeaceWalnutSpice.jpg,31%,9%,291,17,5,160,230,55,242,http://cerealfacts.org/cereal_nutrition_scores.aspx?id=242,img_242_peacewalnutspice_cropped.png,"[153.78, 177.14, 213.86, 86.26, 71.02, 33.09]"
242,Family,32,http://cerealfacts.org/media/cereal_images/QuakerCapNCrunchPeanutButterCrunch.jpg,33%,4%,741,9,1,200,110,27,243,http://cerealfacts.org/cereal_nutrition_scores.aspx?id=243,img_243_quakercapncrunchpeanutbuttercrunch_cropped.png,"[58.58, 96.03, 146.13, 58.46, 58.8, 74.58]"
243,Family,28,http://cerealfacts.org/media/cereal_images/QuakerCapNCrunchWithCrunchberries.jpg,42%,4%,731,11,1,190,110,26,244,http://cerealfacts.org/cereal_nutrition_scores.aspx?id=244,img_244_quakercapncrunchwithcrunchberries_cropped.png,"[98.6, 145.27, 177.02, 74.78, 67.73, 76.32]"
244,Family,28,http://cerealfacts.org/media/cereal_images/QuakerCapNCrunchRegular.jpg,44%,4%,741,12,1,200,110,27,245,http://cerealfacts.org/cereal_nutrition_scores.aspx?id=245,img_245_quakercapncrunchregular_cropped.png,"[110.17, 118.03, 173.97, 70.84, 72.24, 69.66]"
245,Family,38,http://cerealfacts.org/media/cereal_images/QuakerCapNCrunchChocolateCrunch.jpg,41%,4%,463,11,1,125,110,27,246,http://cerealfacts.org/cereal_nutrition_scores.aspx?id=246,img_246_quakercapncrunchchocolatecrunch_cropped.png,"[71.83, 112.33, 143.6, 68.57, 69.28, 63.24]"
246,Family,30,http://cerealfacts.org/media/cereal_images/QuakerCapNCrunchOopsAllBerries.jpg,47%,3%,656,15,1,210,130,32,247,http://cerealfacts.org/cereal_nutrition_scores.aspx?id=247,img_247_quakercapncrunchoopsallberries_cropped.png,"[116.35, 120.73, 112.14, 70.96, 73.45, 79.76]"
247,Family,52,http://cerealfacts.org/media/cereal_images/QuakerLifeCinnamon.jpg,25%,6%,469,8,2,150,120,32,248,http://cerealfacts.org/cereal_nutrition_scores.aspx?id=248,img_248_quakerlifecinnamon_cropped.png,"[113.31, 154.26, 180.55, 55.53, 83.14, 90.38]"
248,Family,52,http://cerealfacts.org/media/cereal_images/QuakerLifeMapleBrownSugar.jpg,25%,6%,469,8,2,150,120,32,249,http://cerealfacts.org/cereal_nutrition_scores.aspx?id=249,img_249_quakerlifemaplebrownsugar_cropped.png,"[96.97, 112.24, 143.28, 58.43, 64.1, 68.11]"
249,Family,54,http://cerealfacts.org/media/cereal_images/QuakerLifeRegular.jpg,19%,6%,500,6,2,160,120,32,250,http://cerealfacts.org/cereal_nutrition_scores.aspx?id=250,img_250_quakerliferegular_cropped.png,"[155.58, 166.6, 171.23, 83.17, 67.51, 66.64]"
250,Adult,58,http://cerealfacts.org/media/cereal_images/QuakerNaturalGranolaLowfat.jpg,25%,9%,236,14,5,130,210,55,251,http://cerealfacts.org/cereal_nutrition_scores.aspx?id=251,img_251_quakernaturalgranolalowfat_cropped.png,"[107.76, 103.79, 109.16, 64.93, 75.06, 80.0]"
251,Adult,70,http://cerealfacts.org/media/cereal_images/QuakerNaturalGranolaOatsHoneyRaisins.jpg,25%,10%,59,13,5,30,210,51,252,http://cerealfacts.org/cereal_nutrition_scores.aspx?id=252,img_252_quakernaturalgranolaoatshoneyraisins_cropped.png,"[138.44, 134.46, 156.75, 77.66, 92.48, 85.84]"
252,Adult,58,http://cerealfacts.org/media/cereal_images/QuakerNaturalGranolaAppleCranberryAlmond.jpg,27%,10%,51,13,5,25,200,49,253,http://cerealfacts.org/cereal_nutrition_scores.aspx?id=253,img_253_quakernaturalgranolaapplecranberryalmond_cropped.png,"[112.79, 127.94, 131.09, 65.13, 71.42, 76.07]"
253,Adult,70,http://cerealfacts.org/media/cereal_images/QuakerNaturalGranolaOatsHoneyAlmonds.jpg,21%,10%,52,10,5,25,200,48,254,http://cerealfacts.org/cereal_nutrition_scores.aspx?id=254,img_254_quakernaturalgranolaoatshoneyalmonds_cropped.png,"[111.2, 99.98, 121.4, 58.37, 68.26, 67.26]"
254,Adult,58,http://cerealfacts.org/media/cereal_images/QuakerOatBranColdCereal.jpg,16%,11%,368,9,6,210,210,57,255,http://cerealfacts.org/cereal_nutrition_scores.aspx?id=255,img_255_quakeroatbrancoldcereal_cropped.png,"[71.48, 83.27, 156.15, 57.49, 61.14, 75.57]"
255,Adult,70,http://cerealfacts.org/media/cereal_images/QuakerOatmealSquaresBrownSugar.jpg,16%,9%,339,9,5,190,210,56,256,http://cerealfacts.org/cereal_nutrition_scores.aspx?id=256,img_256_quakeroatmealsquaresbrownsugar_cropped.png,"[160.03, 131.94, 88.89, 62.54, 58.67, 98.71]"
256,Adult,70,http://cerealfacts.org/media/cereal_images/QuakerOatmealSquaresCinnamon.jpg,16%,9%,339,9,5,190,210,56,257,http://cerealfacts.org/cereal_nutrition_scores.aspx?id=257,img_257_quakeroatmealsquarescinnamon_cropped.png,"[93.08, 124.12, 178.9, 58.5, 60.99, 85.93]"
257,Adult,70,http://cerealfacts.org/media/cereal_images/QuakerOatmealSquaresGoldenMaple.jpg,16%,9%,339,9,5,190,210,56,258,http://cerealfacts.org/cereal_nutrition_scores.aspx?id=258,img_258_quakeroatmealsquaresgoldenmaple_cropped.png,"[89.09, 120.0, 166.94, 65.6, 61.82, 74.02]"
258,Family,58,http://cerealfacts.org/media/cereal_images/QuakerLifeCrunchtimeStrawberry.jpg,19%,19%,281,6,6,90,110,32,259,http://cerealfacts.org/cereal_nutrition_scores.aspx?id=259,img_259_quakerlifecrunchtimestrawberry_cropped.png,"[147.17, 166.01, 201.38, 90.73, 73.27, 46.44]"
259,Family,58,http://cerealfacts.org/media/cereal_images/QuakerLifeCrunchtimeAppleCinnamon.jpg,22%,19%,281,7,6,90,110,32,260,http://cerealfacts.org/cereal_nutrition_scores.aspx?id=260,img_260_quakerlifecrunchtimeapplecinnamon_cropped.png,"[89.27, 106.51, 127.87, 51.32, 39.41, 38.1]"
