,target_market,score,cover_image,sugar_result,fiber_result,sodium_result,sugar_per_serving,fiber_per_serving,sodium_per_serving,calories_per_serving,serving_size,index,url,file_name_cropped,gray_peak,white_BG,has_cha,down_gaze,b_mean,g_mean,r_mean,b_sd,g_sd,r_sd
0,Family,50,http://cerealfacts.org/media/cereal_images/AnniesFruityBunnies.jpg,24%,3%,293,7,1,85,120,29,1,http://cerealfacts.org/cereal_nutrition_scores.aspx?id=1,img_001_anniesfruitybunnies_cropped.png,95,0,1,0,35.58,71.37,208.29,54.28,86.32,62.01
1,Family,52,http://cerealfacts.org/media/cereal_images/AnniesHoneyBunnies.jpg,24%,3%,310,7,1,90,110,29,2,http://cerealfacts.org/cereal_nutrition_scores.aspx?id=2,img_002_annieshoneybunnies_cropped.png,115,0,1,0,53.31,107.21,195.62,46.53,48.07,54.99
2,Family,50,http://cerealfacts.org/media/cereal_images/AnniesCinnamonRollBunnyOs.jpg,24%,3%,293,7,1,85,120,29,3,http://cerealfacts.org/cereal_nutrition_scores.aspx?id=3,img_003_anniescinnamonrollbunnyos_cropped.png,114,0,1,0,65.4,123.12,191.4,52.63,60.91,40.15
3,Family,64,http://cerealfacts.org/media/cereal_images/AnniesOrganicBunnyOs.jpg,7%,3%,379,2,1,110,120,29,4,http://cerealfacts.org/cereal_nutrition_scores.aspx?id=4,img_004_anniesorganicbunnyos_cropped.png,51,0,1,0,95.78,78.63,115.69,47.58,71.51,58.18
4,Family,58,http://cerealfacts.org/media/cereal_images/BarbarasBakeryPuffinsPuffsCrunchyCocoa.jpg,23%,10%,267,7,3,80,120,30,5,http://cerealfacts.org/cereal_nutrition_scores.aspx?id=5,img_005_barbarasbakerypuffinspuffscrunchycocoa_cropped.png,171,0,1,0,108.41,153.04,186.66,48.37,51.09,53.44
5,Family,54,http://cerealfacts.org/media/cereal_images/BarbarasBakeryPuffinsPuffsFruitMedley.jpg,23%,3%,267,7,1,80,120,30,6,http://cerealfacts.org/cereal_nutrition_scores.aspx?id=6,img_006_barbarasbakerypuffinspuffsfruitmedley_cropped.png,182,0,1,0,128.18,163.73,198.0,50.96,58.7,55.28
6,Family,56,http://cerealfacts.org/media/cereal_images/BarbarasBakeryPuffinsCinnamon.jpg,20%,20%,500,6,6,150,90,30,7,http://cerealfacts.org/cereal_nutrition_scores.aspx?id=7,img_007_barbarasbakerypuffinscinnamon_cropped.png,167,0,1,0,103.42,143.66,183.07,48.73,49.13,49.88
7,Family,68,http://cerealfacts.org/media/cereal_images/BarbarasBakeryPuffinsHoneyRice.jpg,20%,10%,267,6,3,80,120,30,8,http://cerealfacts.org/cereal_nutrition_scores.aspx?id=8,img_008_barbarasbakerypuffinshoneyrice_cropped.png,167,0,1,0,113.46,141.63,175.29,45.86,52.41,50.26
8,Family,46,http://cerealfacts.org/media/cereal_images/BarbarasBakeryPuffinsPeanutButter.jpg,20%,7%,767,6,2,230,110,30,9,http://cerealfacts.org/cereal_nutrition_scores.aspx?id=9,img_009_barbarasbakerypuffinspeanutbutter_cropped.png,167,0,1,0,104.14,137.38,174.56,47.57,55.44,55.31
9,Family,50,http://cerealfacts.org/media/cereal_images/BarbarasBakeryPuffinsOriginal.jpg,19%,19%,704,5,5,190,90,27,10,http://cerealfacts.org/cereal_nutrition_scores.aspx?id=10,img_010_barbarasbakerypuffinsoriginal_cropped.png,167,0,1,0,123.32,152.62,183.37,49.18,50.39,50.71
10,Family,58,http://cerealfacts.org/media/cereal_images/BarbarasBakeryPuffinsPeanutButterChocolate.jpg,20%,10%,350,6,3,105,110,30,11,http://cerealfacts.org/cereal_nutrition_scores.aspx?id=11,img_011_barbarasbakerypuffinspeanutbutterchocolate_cropped.png,166,0,1,0,104.39,126.97,153.66,47.02,57.5,65.18
11,Family,68,http://cerealfacts.org/media/cereal_images/BarbarasBakeryPuffinsMultigrain.jpg,20%,10%,267,6,3,80,110,30,12,http://cerealfacts.org/cereal_nutrition_scores.aspx?id=12,img_012_barbarasbakerypuffinsmultigrain_cropped.png,167,0,1,0,114.78,142.95,169.57,45.86,51.42,58.09
12,Family,50,http://cerealfacts.org/media/cereal_images/BarbarasBakeryShreddedOatsCinnamonCrunch.jpg,27%,7%,400,15,4,220,230,55,13,http://cerealfacts.org/cereal_nutrition_scores.aspx?id=13,img_013_barbarasbakeryshreddedoatscinnamoncrunch_cropped.png,167,0,0,0,106.66,139.23,176.67,47.94,52.63,50.59
13,Adult,52,http://cerealfacts.org/media/cereal_images/BarbarasBakeryShreddedOatsVanillaAlmond.jpg,27%,7%,382,15,4,210,220,55,14,http://cerealfacts.org/cereal_nutrition_scores.aspx?id=14,img_014_barbarasbakeryshreddedoatsvanillaalmond_cropped.png,167,0,0,0,115.36,148.33,179.65,48.05,46.47,44.93
14,Adult,56,http://cerealfacts.org/media/cereal_images/BarbarasBakeryShreddedOatsOriginal.jpg,21%,9%,448,12,5,260,220,58,15,http://cerealfacts.org/cereal_nutrition_scores.aspx?id=15,img_015_barbarasbakeryshreddedoatsoriginal_cropped.png,167,0,0,0,125.97,150.84,178.51,41.94,48.3,52.71
15,Adult,54,http://cerealfacts.org/media/cereal_images/BarbarasBakeryShreddedSpoonfulsMultigrain.jpg,16%,12%,625,5,4,200,120,32,16,http://cerealfacts.org/cereal_nutrition_scores.aspx?id=16,img_016_barbarasbakeryshreddedspoonfulsmultigrain_cropped.png,121,0,0,0,106.6,121.79,128.66,42.36,42.75,41.94
16,Adult,82,http://cerealfacts.org/media/cereal_images/BarbarasBakeryShreddedWheat.jpg,0%,12%,0,0,5,0,140,40,17,http://cerealfacts.org/cereal_nutrition_scores.aspx?id=17,img_017_barbarasbakeryshreddedwheat_cropped.png,177,0,0,0,109.35,132.46,169.86,58.29,63.13,63.88
17,Adult,58,http://cerealfacts.org/media/cereal_images/BarbarasBakeryShreddedMinisBlueberryBurst.jpg,25%,7%,255,14,4,140,220,55,18,http://cerealfacts.org/cereal_nutrition_scores.aspx?id=18,img_018_barbarasbakeryshreddedminisblueberryburst_cropped.png,167,0,0,0,117.24,144.13,175.84,46.92,51.81,50.07
18,Adult,70,http://cerealfacts.org/media/cereal_images/BarbarasBakeryUltimaOrganicCranberry.jpg,20%,18%,255,11,10,140,190,55,19,http://cerealfacts.org/cereal_nutrition_scores.aspx?id=19,img_019_barbarasbakeryultimaorganiccranberry_cropped.png,167,0,0,0,107.3,138.13,174.5,48.61,53.29,49.01
19,Adult,72,http://cerealfacts.org/media/cereal_images/BarbarasBakeryUltimaOrganicFlaxGranola.jpg,16%,18%,255,9,10,140,200,55,20,http://cerealfacts.org/cereal_nutrition_scores.aspx?id=20,img_020_barbarasbakeryultimaorganicflaxgranola_cropped.png,167,0,0,0,125.19,155.95,184.23,43.54,44.45,44.97
20,Adult,72,http://cerealfacts.org/media/cereal_images/BarbarasBakeryUltimaOrganicHighFiberOriginal.jpg,15%,25%,255,8,14,140,180,55,21,http://cerealfacts.org/cereal_nutrition_scores.aspx?id=21,img_021_barbarasbakeryultimaorganichighfiberoriginal_cropped.png,167,0,0,0,113.38,141.59,173.19,42.95,45.3,50.28
21,Adult,54,http://cerealfacts.org/media/cereal_images/BarbarasBakeryHoleNOatsHoneyNut.jpg,33%,7%,267,10,2,80,120,30,22,http://cerealfacts.org/cereal_nutrition_scores.aspx?id=22,img_022_barbarasbakeryholenoatshoneynut_cropped.png,170,0,0,0,96.77,141.36,183.86,49.33,54.83,45.6
22,Adult,78,http://cerealfacts.org/media/cereal_images/BarbarasBakeryHoleNOatsFruitJuiceSweetened.jpg,3%,10%,267,1,3,80,120,30,23,http://cerealfacts.org/cereal_nutrition_scores.aspx?id=23,img_023_barbarasbakeryholenoatsfruitjuicesweetened_cropped.png,167,0,0,0,114.79,156.59,198.7,44.07,46.91,45.25
23,Adult,68,http://cerealfacts.org/media/cereal_images/BarbarasBakeryCornFlakes.jpg,10%,3%,267,3,1,80,110,30,24,http://cerealfacts.org/cereal_nutrition_scores.aspx?id=24,img_024_barbarasbakerycornflakes_cropped.png,167,0,0,0,121.41,163.36,196.64,43.19,46.31,46.67
24,Adult,70,http://cerealfacts.org/media/cereal_images/BarbarasBakeryBrownRiceCrisps.jpg,3%,3%,317,1,1,95,120,30,25,http://cerealfacts.org/cereal_nutrition_scores.aspx?id=25,img_025_barbarasbakerybrownricecrisps_cropped.png,167,0,0,0,110.04,141.32,176.9,45.31,53.04,52.15
25,Family,50,http://cerealfacts.org/media/cereal_images/CFCinnamonCrunch.jpg,30%,11%,389,8,3,105,110,27,26,http://cerealfacts.org/cereal_nutrition_scores.aspx?id=26,img_026_cfcinnamoncrunch_cropped.png,255,1,0,0,166.53,193.34,210.86,80.12,55.24,51.5
26,Child,52,http://cerealfacts.org/media/cereal_images/CFCliffordCrunch.jpg,27%,10%,533,8,3,160,110,30,27,http://cerealfacts.org/cereal_nutrition_scores.aspx?id=27,img_027_cfcliffordcrunch_cropped.png,236,1,1,1,147.06,164.24,197.1,83.61,70.59,58.11
27,Adult,50,http://cerealfacts.org/media/cereal_images/CFGranolaCinnamonRaisin.jpg,29%,5%,364,16,3,200,210,55,28,http://cerealfacts.org/cereal_nutrition_scores.aspx?id=28,img_028_cfgranolacinnamonraisin_cropped.png,246,0,0,0,115.05,163.11,183.51,75.1,66.42,71.96
28,Adult,54,http://cerealfacts.org/media/cereal_images/CFGranolaFruitNut.jpg,27%,6%,183,14,3,95,210,52,29,http://cerealfacts.org/cereal_nutrition_scores.aspx?id=29,img_029_cfgranolafruitnut_cropped.png,255,1,0,0,161.85,187.4,199.62,85.6,67.48,60.23
29,Adult,54,http://cerealfacts.org/media/cereal_images/CFGranolaMapleBrownSugar.jpg,25%,5%,291,14,3,160,220,55,30,http://cerealfacts.org/cereal_nutrition_scores.aspx?id=30,img_030_cfgranolamaplebrownsugar_cropped.png,222,1,0,0,159.29,178.52,185.9,73.98,52.57,41.31
30,Adult,54,http://cerealfacts.org/media/cereal_images/CFGranolaOatsHoney.jpg,24%,5%,218,13,3,120,230,55,31,http://cerealfacts.org/cereal_nutrition_scores.aspx?id=31,img_031_cfgranolaoatshoney_cropped.png,194,1,0,0,97.97,135.67,153.93,73.03,62.19,55.89
31,Adult,56,http://cerealfacts.org/media/cereal_images/CFGranolaFrenchVanillaAlmond.jpg,26%,6%,170,13,3,85,210,50,32,http://cerealfacts.org/cereal_nutrition_scores.aspx?id=32,img_032_cfgranolafrenchvanillaalmond_cropped.png,237,1,0,0,173.18,186.11,193.86,66.91,57.17,52.46
32,Adult,52,http://cerealfacts.org/media/cereal_images/CFGranolaDarkChocolateAlmond.jpg,27%,8%,308,14,4,160,210,52,33,http://cerealfacts.org/cereal_nutrition_scores.aspx?id=33,img_033_cfgranoladarkchocolatealmond_cropped.png,240,1,0,0,159.69,186.05,194.45,74.57,57.17,48.25
33,Adult,48,http://cerealfacts.org/media/cereal_images/CFHeartyMorning.jpg,20%,15%,655,11,8,360,200,55,34,http://cerealfacts.org/cereal_nutrition_scores.aspx?id=34,img_034_cfheartymorning_cropped.png,218,1,0,0,154.74,171.48,177.42,71.24,55.24,44.43
34,Family,50,http://cerealfacts.org/media/cereal_images/CFHoneyNutOs.jpg,23%,10%,567,7,3,170,110,30,35,http://cerealfacts.org/cereal_nutrition_scores.aspx?id=35,img_035_cfhoneynutos_cropped.png,255,1,0,0,178.13,202.13,217.36,83.34,61.32,54.28
35,Adult,70,http://cerealfacts.org/media/cereal_images/CFMultigrainSquares.jpg,13%,7%,383,4,2,115,110,30,36,http://cerealfacts.org/cereal_nutrition_scores.aspx?id=36,img_036_cfmultigrainsquares_cropped.png,225,1,0,0,141.27,161.36,177.69,81.13,66.0,49.37
36,Family,58,http://cerealfacts.org/media/cereal_images/CFPurelyOs.jpg,3%,10%,633,1,3,190,110,30,37,http://cerealfacts.org/cereal_nutrition_scores.aspx?id=37,img_037_cfpurelyos_cropped.png,222,1,0,0,163.57,189.09,189.71,71.46,41.64,38.51
37,Adult,50,http://cerealfacts.org/media/cereal_images/CFRaisinBran.jpg,25%,11%,618,14,6,340,180,55,38,http://cerealfacts.org/cereal_nutrition_scores.aspx?id=38,img_038_cfraisinbran_cropped.png,255,1,0,0,173.12,196.69,208.89,86.19,70.9,59.88
38,Family,54,http://cerealfacts.org/media/cereal_images/CFChocolateOs.jpg,29%,11%,339,8,3,95,100,28,39,http://cerealfacts.org/cereal_nutrition_scores.aspx?id=39,img_039_cfchocolateos_cropped.png,255,1,0,0,162.25,175.33,205.86,90.87,81.5,60.83
39,Family,50,http://cerealfacts.org/media/cereal_images/CFFruitfulOs.jpg,29%,11%,464,8,3,130,100,28,40,http://cerealfacts.org/cereal_nutrition_scores.aspx?id=40,img_040_cffruitfulos_cropped.png,233,1,1,1,160.63,191.58,208.07,82.56,46.13,43.41
40,Adult,50,http://cerealfacts.org/media/cereal_images/GMBasic4.jpg,24%,7%,509,13,4,280,200,55,41,http://cerealfacts.org/cereal_nutrition_scores.aspx?id=41,img_041_gmbasic4_cropped.png,247,1,0,0,141.9,170.34,179.77,93.15,71.73,74.39
41,Family,44,http://cerealfacts.org/media/cereal_images/GMBooBerry.jpg,30%,3%,576,10,1,190,130,33,42,http://cerealfacts.org/cereal_nutrition_scores.aspx?id=42,img_042_gmbooberry_cropped.png,58,0,1,0,178.99,144.84,106.0,70.2,80.42,90.85
42,Family,50,http://cerealfacts.org/media/cereal_images/GMCheeriosAppleCinnamon.jpg,33%,7%,383,10,2,115,120,30,43,http://cerealfacts.org/cereal_nutrition_scores.aspx?id=43,img_043_gmcheeriosapplecinnamon_cropped.png,89,0,0,0,101.08,158.23,107.78,56.01,44.36,81.85
43,Family,46,http://cerealfacts.org/media/cereal_images/GMCheeriosBananaNut.jpg,32%,7%,571,9,2,160,100,28,44,http://cerealfacts.org/cereal_nutrition_scores.aspx?id=44,img_044_gmcheeriosbanananut_cropped.png,238,0,0,0,142.07,196.04,203.38,55.21,58.54,76.42
44,Child,46,http://cerealfacts.org/media/cereal_images/GMCheeriosHoneyNut.jpg,32%,7%,571,9,2,160,110,28,45,http://cerealfacts.org/cereal_nutrition_scores.aspx?id=45,img_045_gmcheerioshoneynut_cropped.png,60,0,1,1,74.38,131.48,195.93,61.83,91.27,61.87
45,Family,46,http://cerealfacts.org/media/cereal_images/GMCheeriosFrosted.jpg,32%,7%,607,9,2,170,110,28,46,http://cerealfacts.org/cereal_nutrition_scores.aspx?id=46,img_046_gmcheeriosfrosted_cropped.png,36,0,0,0,151.72,122.52,103.23,68.47,69.49,77.91
46,Family,48,http://cerealfacts.org/media/cereal_images/GMCheeriosFruity.jpg,33%,7%,500,9,2,135,100,27,47,http://cerealfacts.org/cereal_nutrition_scores.aspx?id=47,img_047_gmcheeriosfruity_cropped.png,72,0,0,0,74.49,97.07,211.48,73.57,87.05,40.95
47,Family,56,http://cerealfacts.org/media/cereal_images/GMCheeriosMultigrain.jpg,21%,10%,414,6,3,120,110,29,48,http://cerealfacts.org/cereal_nutrition_scores.aspx?id=48,img_048_gmcheeriosmultigrain_cropped.png,222,1,0,0,150.41,145.05,162.41,67.08,66.02,53.02
48,Family,50,http://cerealfacts.org/media/cereal_images/GMCheeriosOatClusterCrunch.jpg,30%,7%,500,8,2,135,100,27,49,http://cerealfacts.org/cereal_nutrition_scores.aspx?id=49,img_049_gmcheeriosoatclustercrunch_cropped.png,58,0,0,0,156.03,130.13,105.58,64.58,77.24,96.05
49,Family,70,http://cerealfacts.org/media/cereal_images/GMCheeriosRegular.jpg,4%,11%,571,1,3,160,100,28,50,http://cerealfacts.org/cereal_nutrition_scores.aspx?id=50,img_050_gmcheeriosregular_cropped.png,179,0,0,0,66.45,152.85,194.14,57.57,64.14,64.29
50,Family,46,http://cerealfacts.org/media/cereal_images/GMCheeriosYogurtBurstStrawberry.jpg,30%,7%,600,9,2,180,120,30,51,http://cerealfacts.org/cereal_nutrition_scores.aspx?id=51,img_051_gmcheeriosyogurtburststrawberry_cropped.png,231,1,0,0,167.29,160.51,171.94,59.93,59.74,57.01
51,Family,48,http://cerealfacts.org/media/cereal_images/GMCheeriosMultigrainPeanutButter.jpg,32%,7%,464,9,2,130,110,28,52,http://cerealfacts.org/cereal_nutrition_scores.aspx?id=52,img_052_gmcheeriosmultigrainpeanutbutter_cropped.png,255,0,0,0,155.15,168.52,187.65,77.09,75.89,76.26
52,Family,52,http://cerealfacts.org/media/cereal_images/GMCheeriosCinnamonBurst.jpg,28%,16%,391,9,5,125,110,32,53,http://cerealfacts.org/cereal_nutrition_scores.aspx?id=53,img_053_gmcheerioscinnamonburst_cropped.png,208,0,0,0,100.67,142.26,169.77,65.32,61.54,61.73
53,Family,46,http://cerealfacts.org/media/cereal_images/GMCheeriosChocolate.jpg,33%,7%,630,9,2,170,100,27,54,http://cerealfacts.org/cereal_nutrition_scores.aspx?id=54,img_054_gmcheerioschocolate_cropped.png,108,0,0,0,89.2,101.13,125.36,71.23,69.01,69.8
54,Family,46,http://cerealfacts.org/media/cereal_images/GMChexChocolate.jpg,33%,7%,630,9,2,170,100,27,55,http://cerealfacts.org/cereal_nutrition_scores.aspx?id=55,img_055_gmchexchocolate_cropped.png,71,0,0,0,80.67,95.16,135.4,77.2,70.76,66.32
55,Family,46,http://cerealfacts.org/media/cereal_images/GMChexCinnamon.jpg,27%,3%,600,8,1,180,120,30,56,http://cerealfacts.org/cereal_nutrition_scores.aspx?id=56,img_056_gmchexcinnamon_cropped.png,254,0,0,0,137.95,146.2,181.71,80.59,72.94,60.61
56,Family,52,http://cerealfacts.org/media/cereal_images/GMChexCorn.jpg,10%,6%,774,3,2,240,120,31,57,http://cerealfacts.org/cereal_nutrition_scores.aspx?id=57,img_057_gmchexcorn_cropped.png,253,0,0,0,142.6,175.15,180.65,86.37,74.14,73.6
57,Family,44,http://cerealfacts.org/media/cereal_images/GMChexHoneyNut.jpg,28%,3%,625,9,1,200,120,32,58,http://cerealfacts.org/cereal_nutrition_scores.aspx?id=58,img_058_gmchexhoneynut_cropped.png,71,0,0,0,85.02,107.23,173.89,79.71,74.51,63.78
58,Family,52,http://cerealfacts.org/media/cereal_images/GMChexMultiBran.jpg,21%,13%,574,10,6,270,160,47,59,http://cerealfacts.org/cereal_nutrition_scores.aspx?id=59,img_059_gmchexmultibran_cropped.png,228,0,0,0,125.34,136.05,178.22,79.23,70.45,54.91
59,Family,50,http://cerealfacts.org/media/cereal_images/GMChexRice.jpg,7%,4%,889,2,1,240,100,27,60,http://cerealfacts.org/cereal_nutrition_scores.aspx?id=60,img_060_gmchexrice_cropped.png,253,0,0,0,180.49,169.75,163.37,80.69,78.08,87.93
60,Family,56,http://cerealfacts.org/media/cereal_images/GMChexWheat.jpg,11%,13%,574,5,6,270,160,47,61,http://cerealfacts.org/cereal_nutrition_scores.aspx?id=61,img_061_gmchexwheat_cropped.png,239,0,0,0,151.13,172.51,202.47,73.55,57.98,51.81
61,Child,40,http://cerealfacts.org/media/cereal_images/GMCinnamonToastCrunchRegular.jpg,32%,6%,710,10,2,220,130,31,62,http://cerealfacts.org/cereal_nutrition_scores.aspx?id=62,img_062_gmcinnamontoastcrunchregular_cropped.png,212,1,1,0,131.5,154.41,187.08,78.02,60.17,59.77
62,Child,42,http://cerealfacts.org/media/cereal_images/GMFrenchToastCrunch.jpg,30%,3%,567,9,1,170,120,30,63,http://cerealfacts.org/cereal_nutrition_scores.aspx?id=63,img_063_gmfrenchtoastcrunch_cropped.png,86,0,0,0,96.25,92.12,180.49,58.65,79.81,68.94
63,Child,46,http://cerealfacts.org/media/cereal_images/GMCocoaPuffsBrownieCrunch.jpg,33%,7%,481,9,2,130,110,27,64,http://cerealfacts.org/cereal_nutrition_scores.aspx?id=64,img_064_gmcocoapuffsbrowniecrunch_cropped.png,48,0,1,1,61.53,94.2,127.57,62.53,61.87,65.9
64,Child,44,http://cerealfacts.org/media/cereal_images/GMCocoaPuffsRegular.jpg,37%,7%,556,10,2,150,100,27,65,http://cerealfacts.org/cereal_nutrition_scores.aspx?id=65,img_065_gmcocoapuffsregular_cropped.png,28,0,1,1,92.41,90.58,133.79,93.01,95.59,86.56
65,Child,46,http://cerealfacts.org/media/cereal_images/GMCookieCrispRegular.jpg,35%,4%,462,9,1,120,100,26,66,http://cerealfacts.org/cereal_nutrition_scores.aspx?id=66,img_066_gmcookiecrispregular_cropped.png,98,0,1,1,146.06,126.02,115.84,70.26,69.16,74.82
66,Child,48,http://cerealfacts.org/media/cereal_images/GMCookieCrispSprinkles.jpg,33%,4%,444,9,1,120,100,27,67,http://cerealfacts.org/cereal_nutrition_scores.aspx?id=67,img_067_gmcookiecrispsprinkles_cropped.png,254,0,1,1,148.98,163.57,181.52,89.79,87.59,75.67
67,Family,42,http://cerealfacts.org/media/cereal_images/GMCountChocula.jpg,37%,4%,593,10,1,160,100,27,68,http://cerealfacts.org/cereal_nutrition_scores.aspx?id=68,img_068_gmcountchocula_cropped.png,185,0,1,0,44.91,95.36,151.05,50.43,70.06,63.54
68,Adult,54,http://cerealfacts.org/media/cereal_images/GMCurvesFruitNutCrunch.jpg,20%,10%,490,10,5,240,170,49,69,http://cerealfacts.org/cereal_nutrition_scores.aspx?id=69,img_069_gmcurvesfruitnutcrunch_cropped.png,242,1,0,0,183.46,170.34,174.43,62.16,74.2,73.27
69,Adult,54,http://cerealfacts.org/media/cereal_images/GMCurvesHoneyCrunch.jpg,17%,9%,547,9,5,290,190,53,70,http://cerealfacts.org/cereal_nutrition_scores.aspx?id=70,img_070_gmcurveshoneycrunch_cropped.png,255,1,0,0,173.64,173.81,198.76,75.75,80.17,66.99
70,Adult,52,http://cerealfacts.org/media/cereal_images/GMCurvesWholeGrainCrunch.jpg,15%,7%,667,4,2,180,100,27,71,http://cerealfacts.org/cereal_nutrition_scores.aspx?id=71,img_071_gmcurveswholegraincrunch_cropped.png,245,1,0,0,162.21,179.8,176.11,79.06,74.53,73.43
71,Child,52,http://cerealfacts.org/media/cereal_images/GMDoraTheExplorer.jpg,22%,11%,556,6,3,150,100,27,72,http://cerealfacts.org/cereal_nutrition_scores.aspx?id=72,img_072_gmdoratheexplorer_cropped.png,51,0,1,0,111.05,133.99,154.75,75.38,66.81,88.71
72,Adult,54,http://cerealfacts.org/media/cereal_images/GMFiberOneCaramelDelight.jpg,20%,18%,460,10,9,230,180,50,73,http://cerealfacts.org/cereal_nutrition_scores.aspx?id=73,img_073_gmfiberonecarameldelight_cropped.png,239,0,0,0,130.09,161.79,191.24,77.5,67.93,68.43
73,Adult,74,http://cerealfacts.org/media/cereal_images/GMFiberOneFrostedShreddedWheat.jpg,20%,15%,0,12,9,0,200,60,74,http://cerealfacts.org/cereal_nutrition_scores.aspx?id=74,img_074_gmfiberonefrostedshreddedwheat_cropped.png,232,0,0,0,148.66,153.43,161.58,76.1,75.12,85.15
74,Adult,68,http://cerealfacts.org/media/cereal_images/GMFiberOneHoneyClusters.jpg,12%,25%,442,6,13,230,160,52,75,http://cerealfacts.org/cereal_nutrition_scores.aspx?id=75,img_075_gmfiberonehoneyclusters_cropped.png,239,0,0,0,140.98,181.25,200.64,74.72,62.12,71.61
75,Adult,78,http://cerealfacts.org/media/cereal_images/GMFiberOneOriginalBran.jpg,0%,47%,350,0,14,105,60,30,76,http://cerealfacts.org/cereal_nutrition_scores.aspx?id=76,img_076_gmfiberoneoriginalbran_cropped.png,243,0,0,0,134.95,170.98,192.12,79.23,69.5,77.5
76,Adult,56,http://cerealfacts.org/media/cereal_images/GMFiberOneRaisinBranClusters.jpg,25%,20%,382,14,11,210,170,55,77,http://cerealfacts.org/cereal_nutrition_scores.aspx?id=77,img_077_gmfiberoneraisinbranclusters_cropped.png,240,0,0,0,152.8,156.99,187.29,61.63,72.42,73.81
77,Adult,64,http://cerealfacts.org/media/cereal_images/GMFiberOne80CaloriesHoneySquares.jpg,10%,33%,467,3,10,140,80,30,78,http://cerealfacts.org/cereal_nutrition_scores.aspx?id=78,img_078_gmfiberone80calorieshoneysquares_cropped.png,230,0,0,0,165.74,174.29,193.14,85.97,68.49,66.32
78,Family,44,http://cerealfacts.org/media/cereal_images/GMFrankenBerry.jpg,30%,3%,576,10,1,190,130,33,79,http://cerealfacts.org/cereal_nutrition_scores.aspx?id=79,img_079_gmfrankenberry_cropped.png,50,0,1,1,126.45,78.19,158.14,62.6,70.2,78.48
79,Family,42,http://cerealfacts.org/media/cereal_images/GMGoldenGrahams.jpg,32%,6%,774,10,2,240,120,31,80,http://cerealfacts.org/cereal_nutrition_scores.aspx?id=80,img_080_gmgoldengrahams_cropped.png,203,0,0,0,122.82,185.44,207.49,93.48,64.87,77.26
80,Adult,52,http://cerealfacts.org/media/cereal_images/GMHoneyNutClusters.jpg,25%,7%,509,14,4,290,210,57,81,http://cerealfacts.org/cereal_nutrition_scores.aspx?id=81,img_081_gmhoneynutclusters_cropped.png,194,0,1,0,111.54,166.79,179.0,82.62,64.04,77.08
81,Family,54,http://cerealfacts.org/media/cereal_images/GMKixBerryBerry.jpg,21%,6%,515,7,2,170,120,33,82,http://cerealfacts.org/cereal_nutrition_scores.aspx?id=82,img_082_gmkixberryberry_cropped.png,73,0,0,0,124.89,90.67,153.77,58.94,79.31,58.63
82,Family,52,http://cerealfacts.org/media/cereal_images/GMKixHoney.jpg,18%,9%,576,6,3,190,120,33,83,http://cerealfacts.org/cereal_nutrition_scores.aspx?id=83,img_083_gmkixhoney_cropped.png,254,0,0,0,115.99,126.65,168.87,89.44,82.21,92.57
83,Family,56,http://cerealfacts.org/media/cereal_images/GMKixRegular.jpg,10%,10%,600,3,3,180,110,30,84,http://cerealfacts.org/cereal_nutrition_scores.aspx?id=84,img_084_gmkixregular_cropped.png,158,0,0,0,74.01,115.76,182.53,77.36,63.92,86.51
84,Child,42,http://cerealfacts.org/media/cereal_images/GMLuckyCharmsRegular.jpg,37%,7%,630,10,2,170,110,27,85,http://cerealfacts.org/cereal_nutrition_scores.aspx?id=85,img_085_gmluckycharmsregular_cropped.png,75,0,1,1,67.79,110.41,192.49,62.53,84.05,68.91
85,Child,42,http://cerealfacts.org/media/cereal_images/GMLuckyCharmsChocolate.jpg,36%,4%,571,10,1,160,110,28,86,http://cerealfacts.org/cereal_nutrition_scores.aspx?id=86,img_086_gmluckycharmschocolate_cropped.png,254,0,1,1,110.42,146.41,168.94,71.24,82.16,73.78
86,Adult,58,http://cerealfacts.org/media/cereal_images/GMOatmealCrispCrunchyAlmond.jpg,27%,8%,208,16,5,125,230,60,87,http://cerealfacts.org/cereal_nutrition_scores.aspx?id=87,img_087_gmoatmealcrispcrunchyalmond_cropped.png,221,0,0,0,133.71,148.48,197.68,74.59,79.23,42.42
87,Adult,56,http://cerealfacts.org/media/cereal_images/GMOatmealCrispHeartyRaisin.jpg,31%,8%,194,19,5,120,230,62,88,http://cerealfacts.org/cereal_nutrition_scores.aspx?id=88,img_088_gmoatmealcrispheartyraisin_cropped.png,59,0,0,0,112.53,106.19,159.94,80.0,74.56,53.6
88,Adult,48,http://cerealfacts.org/media/cereal_images/GMRaisinNutBran.jpg,29%,10%,469,14,5,230,180,49,89,http://cerealfacts.org/cereal_nutrition_scores.aspx?id=89,img_089_gmraisinnutbran_cropped.png,222,0,0,0,129.21,147.97,184.81,61.64,71.63,56.68
89,Child,38,http://cerealfacts.org/media/cereal_images/GMReesesPuffs.jpg,34%,3%,552,10,1,160,120,29,90,http://cerealfacts.org/cereal_nutrition_scores.aspx?id=90,img_090_gmreesespuffs_cropped.png,116,0,0,0,48.85,110.08,178.87,60.4,65.81,67.02
90,Adult,52,http://cerealfacts.org/media/cereal_images/GMTotalRaisinBran.jpg,32%,9%,434,17,5,230,160,53,91,http://cerealfacts.org/cereal_nutrition_scores.aspx?id=91,img_091_gmtotalraisinbran_cropped.png,91,0,0,0,100.16,69.03,127.77,62.94,73.11,74.92
91,Adult,52,http://cerealfacts.org/media/cereal_images/GMTotalWholeGrain.jpg,17%,10%,633,5,3,190,100,30,92,http://cerealfacts.org/cereal_nutrition_scores.aspx?id=92,img_092_gmtotalwholegrain_cropped.png,91,0,0,0,144.67,123.04,105.86,78.34,67.99,97.35
92,Adult,70,http://cerealfacts.org/media/cereal_images/GMTotalHoneyAlmondFlax.jpg,26%,8%,170,14,4,90,200,53,93,http://cerealfacts.org/cereal_nutrition_scores.aspx?id=93,img_093_gmtotalhoneyalmondflax_cropped.png,252,0,0,0,137.02,155.65,196.65,94.71,88.12,67.36
93,Child,42,http://cerealfacts.org/media/cereal_images/GMTrix.jpg,31%,3%,562,10,1,180,120,32,94,http://cerealfacts.org/cereal_nutrition_scores.aspx?id=94,img_094_gmtrix_cropped.png,79,0,1,0,126.12,144.01,175.41,87.56,79.07,82.01
94,Adult,52,http://cerealfacts.org/media/cereal_images/GMWheaties.jpg,15%,11%,704,4,3,190,100,27,95,http://cerealfacts.org/cereal_nutrition_scores.aspx?id=95,img_095_gmwheaties_cropped.png,121,0,0,0,91.19,124.0,205.76,82.39,64.17,66.24
95,Adult,58,http://cerealfacts.org/media/cereal_images/GMWheatiesFuel.jpg,25%,15%,255,14,8,140,190,55,96,http://cerealfacts.org/cereal_nutrition_scores.aspx?id=96,img_096_gmwheatiesfuel_cropped.png,8,0,0,0,50.11,54.19,83.82,64.36,70.06,90.97
96,Adult,50,http://cerealfacts.org/media/cereal_images/KelloggAllBranBranBuds.jpg,27%,43%,700,8,13,210,80,30,97,http://cerealfacts.org/cereal_nutrition_scores.aspx?id=97,img_097_kelloggallbranbranbuds_cropped.png,226,1,0,0,132.95,158.51,171.51,93.45,80.85,73.49
97,Adult,52,http://cerealfacts.org/media/cereal_images/KelloggAllBranCompleteWheatFlakes.jpg,17%,17%,724,5,5,210,90,29,98,http://cerealfacts.org/cereal_nutrition_scores.aspx?id=98,img_098_kelloggallbrancompletewheatflakes_cropped.png,255,1,0,0,157.68,181.58,196.31,92.08,75.99,74.15
98,Adult,72,http://cerealfacts.org/media/cereal_images/KelloggAllBranOriginal.jpg,19%,32%,258,6,10,80,80,31,99,http://cerealfacts.org/cereal_nutrition_scores.aspx?id=99,img_099_kelloggallbranoriginal_cropped.png,255,1,0,0,151.94,167.76,204.28,94.18,82.62,62.09
99,Child,44,http://cerealfacts.org/media/cereal_images/KelloggAppleJacksRegular.jpg,43%,11%,464,12,3,130,100,28,100,http://cerealfacts.org/cereal_nutrition_scores.aspx?id=100,img_100_kelloggapplejacksregular_cropped.png,111,0,0,0,96.23,140.21,113.03,58.15,64.22,88.03
100,Child,42,http://cerealfacts.org/media/cereal_images/KelloggCocoaKrispiesRegular.jpg,39%,3%,419,12,1,130,120,31,101,http://cerealfacts.org/cereal_nutrition_scores.aspx?id=101,img_101_kelloggcocoakrispiesregular_cropped.png,254,0,1,1,107.75,127.71,162.27,78.18,73.91,67.31
101,Adult,50,http://cerealfacts.org/media/cereal_images/KelloggCornFlakes.jpg,11%,4%,714,3,1,200,100,28,102,http://cerealfacts.org/cereal_nutrition_scores.aspx?id=102,img_102_kelloggcornflakes_cropped.png,103,1,0,0,116.6,151.51,167.3,91.39,82.1,94.36
102,Child,50,http://cerealfacts.org/media/cereal_images/KelloggCornPopsRegular.jpg,31%,9%,391,10,3,125,120,32,103,http://cerealfacts.org/cereal_nutrition_scores.aspx?id=103,img_103_kelloggcornpopsregular_cropped.png,210,0,0,0,96.87,162.24,210.55,74.18,72.49,67.51
103,Adult,40,http://cerealfacts.org/media/cereal_images/KelloggCracklinOatBran.jpg,31%,12%,306,15,6,150,200,49,104,http://cerealfacts.org/cereal_nutrition_scores.aspx?id=104,img_104_kelloggcracklinoatbran_cropped.png,255,0,0,0,140.09,123.04,120.38,67.56,66.61,81.94
104,Adult,46,http://cerealfacts.org/media/cereal_images/KelloggCrispix.jpg,14%,3%,759,4,1,220,110,29,105,http://cerealfacts.org/cereal_nutrition_scores.aspx?id=105,img_105_kelloggcrispix_cropped.png,82,0,0,0,146.35,129.58,96.77,63.24,59.48,103.81
105,Adult,46,http://cerealfacts.org/media/cereal_images/KelloggCrunchyNutGoldenHoneyNut.jpg,32%,3%,435,10,1,135,120,31,106,http://cerealfacts.org/cereal_nutrition_scores.aspx?id=106,img_106_kelloggcrunchynutgoldenhoneynut_cropped.png,209,0,0,0,97.06,151.31,175.76,62.1,54.88,95.15
106,Adult,50,http://cerealfacts.org/media/cereal_images/KelloggCrunchyNutGoldenHoneyNut.jpg,37%,7%,352,10,2,95,100,27,107,http://cerealfacts.org/cereal_nutrition_scores.aspx?id=107,img_107_kelloggcrunchynutgoldenhoneynut_cropped.png,209,0,0,0,89.43,143.2,166.66,61.96,55.01,94.89
107,Adult,38,http://cerealfacts.org/media/cereal_images/KelloggCrunchyNutCaramelNut.jpg,32%,0%,484,10,0,150,120,31,108,http://cerealfacts.org/cereal_nutrition_scores.aspx?id=108,img_108_kelloggcrunchynutcaramelnut_cropped.png,195,0,0,0,98.13,152.99,161.66,75.28,60.09,89.09
108,Adult,46,http://cerealfacts.org/media/cereal_images/KelloggEggoCerealMapleSyrup.jpg,39%,6%,484,12,2,150,120,31,109,http://cerealfacts.org/cereal_nutrition_scores.aspx?id=109,img_109_kelloggeggocerealmaplesyrup_cropped.png,208,0,0,0,117.01,162.95,217.64,82.61,76.09,47.4
109,Adult,54,http://cerealfacts.org/media/cereal_images/KelloggFiberPlusAntioxidantsBerryYogurtCrunch.jpg,23%,19%,377,12,10,200,170,53,110,http://cerealfacts.org/cereal_nutrition_scores.aspx?id=110,img_110_kelloggfiberplusantioxidantsberryyogurtcrunch_cropped.png,44,0,0,0,104.71,128.03,179.73,82.73,92.32,74.56
110,Adult,54,http://cerealfacts.org/media/cereal_images/KelloggFiberPlusAntioxidantsCaramelPecanClusters.jpg,24%,18%,408,12,9,200,170,49,111,http://cerealfacts.org/cereal_nutrition_scores.aspx?id=111,img_111_kelloggfiberplusantioxidantscaramelpecanclusters_cropped.png,41,0,0,0,105.64,122.17,125.71,78.97,74.25,94.48
111,Adult,56,http://cerealfacts.org/media/cereal_images/KelloggFiberPlusAnitoxidantsCinnamonOatCrunch.jpg,22%,28%,438,7,9,140,110,32,112,http://cerealfacts.org/cereal_nutrition_scores.aspx?id=112,img_112_kelloggfiberplusanitoxidantscinnamonoatcrunch_cropped.png,91,0,0,0,70.36,109.83,159.08,78.54,73.87,63.86
112,Child,44,http://cerealfacts.org/media/cereal_images/KelloggFrootLoopsMarshmallows.jpg,48%,7%,379,14,2,110,110,29,113,http://cerealfacts.org/cereal_nutrition_scores.aspx?id=113,img_113_kelloggfrootloopsmarshmallows_cropped.png,91,0,1,0,120.37,121.46,162.55,70.94,77.45,72.7
113,Child,42,http://cerealfacts.org/media/cereal_images/KelloggFrootLoopsRegular.jpg,41%,10%,466,12,3,135,110,29,114,http://cerealfacts.org/cereal_nutrition_scores.aspx?id=114,img_114_kelloggfrootloopsregular_cropped.png,95,0,1,1,89.76,104.0,159.35,73.66,75.69,77.38
114,Child,52,http://cerealfacts.org/media/cereal_images/KelloggFrostedFlakesReducedSugar.jpg,27%,10%,533,8,3,160,110,30,115,http://cerealfacts.org/cereal_nutrition_scores.aspx?id=115,img_115_kelloggfrostedflakesreducedsugar_cropped.png,78,0,1,1,136.87,129.62,116.6,78.23,68.67,104.37
115,Child,42,http://cerealfacts.org/media/cereal_images/KelloggFrostedFlakesRegular.jpg,37%,3%,467,11,1,140,110,30,116,http://cerealfacts.org/cereal_nutrition_scores.aspx?id=116,img_116_kelloggfrostedflakesregular_cropped.png,78,0,1,1,149.81,143.43,146.14,79.92,76.24,101.84
116,Family,48,http://cerealfacts.org/media/cereal_images/KelloggHoneySmacks.jpg,56%,4%,148,15,1,40,100,27,117,http://cerealfacts.org/cereal_nutrition_scores.aspx?id=117,img_117_kellogghoneysmacks_cropped.png,68,0,1,0,58.16,104.51,186.07,62.64,78.03,55.23
117,Adult,56,http://cerealfacts.org/media/cereal_images/KelloggLowFatGranolaWithRaisins.jpg,28%,7%,250,17,4,150,230,60,118,http://cerealfacts.org/cereal_nutrition_scores.aspx?id=118,img_118_kellogglowfatgranolawithraisins_cropped.png,245,0,0,0,104.69,173.14,185.16,76.31,65.32,71.6
118,Adult,54,http://cerealfacts.org/media/cereal_images/KelloggLowFatGranolaWithoutRaisins.jpg,29%,6%,255,14,3,125,190,49,119,http://cerealfacts.org/cereal_nutrition_scores.aspx?id=119,img_119_kellogglowfatgranolawithoutraisins_cropped.png,192,0,0,0,87.18,188.97,184.99,73.23,56.19,53.21
119,Family,74,http://cerealfacts.org/media/cereal_images/KelloggMiniWheatFrostedBigBite.jpg,21%,10%,0,12,6,0,200,58,120,http://cerealfacts.org/cereal_nutrition_scores.aspx?id=120,img_120_kelloggminiwheatfrostedbigbite_cropped.png,255,0,0,0,126.97,134.27,166.25,78.94,74.04,88.32
120,Family,74,http://cerealfacts.org/media/cereal_images/KelloggMiniWheatFrostedBiteSize.jpg,20%,11%,0,11,6,0,190,54,121,http://cerealfacts.org/cereal_nutrition_scores.aspx?id=121,img_121_kelloggminiwheatfrostedbitesize_cropped.png,254,0,1,0,125.87,146.1,158.3,84.95,69.26,90.4
121,Family,74,http://cerealfacts.org/media/cereal_images/KelloggMiniWheatFrostedBlueberryMuffin.jpg,22%,11%,0,12,6,0,190,55,122,http://cerealfacts.org/cereal_nutrition_scores.aspx?id=122,img_122_kelloggminiwheatfrostedblueberrymuffin_cropped.png,226,0,0,0,169.01,159.99,144.74,53.59,52.16,70.69
122,Family,74,http://cerealfacts.org/media/cereal_images/KelloggMiniWheatFrostedCinnamonStreusel.jpg,22%,11%,0,12,6,0,190,54,123,http://cerealfacts.org/cereal_nutrition_scores.aspx?id=123,img_123_kelloggminiwheatfrostedcinnamonstreusel_cropped.png,54,0,1,0,114.32,136.2,146.81,74.61,65.36,85.2
123,Family,74,http://cerealfacts.org/media/cereal_images/KelloggMiniWheatFrostedMapleBrownSugar.jpg,22%,11%,0,12,6,0,190,55,124,http://cerealfacts.org/cereal_nutrition_scores.aspx?id=124,img_124_kelloggminiwheatfrostedmaplebrownsugar_cropped.png,54,0,1,0,124.31,132.86,141.74,74.8,72.2,87.79
124,Family,74,http://cerealfacts.org/media/cereal_images/KelloggMiniWheatFrostedStrawberryDelight.jpg,22%,11%,0,12,6,0,190,55,125,http://cerealfacts.org/cereal_nutrition_scores.aspx?id=125,img_125_kelloggminiwheatfrostedstrawberrydelight_cropped.png,255,0,0,0,154.29,143.51,177.77,66.1,67.06,79.36
125,Family,82,http://cerealfacts.org/media/cereal_images/KelloggMiniWheatUnfrostedBiteSize.jpg,0%,15%,0,0,8,0,190,55,126,http://cerealfacts.org/cereal_nutrition_scores.aspx?id=126,img_126_kelloggminiwheatunfrostedbitesize_cropped.png,77,0,0,0,153.57,146.35,123.58,56.08,64.03,99.12
126,Family,74,http://cerealfacts.org/media/cereal_images/KelloggMiniWheatFrostedMixedBerryTouchOfFruit.jpg,18%,11%,18,10,6,10,190,55,127,http://cerealfacts.org/cereal_nutrition_scores.aspx?id=127,img_127_kelloggminiwheatfrostedmixedberrytouchoffruit_cropped.png,180,0,0,0,127.49,120.4,119.0,50.89,55.9,60.02
127,Family,54,http://cerealfacts.org/media/cereal_images/KelloggMiniWheatLittleBitesChocolate.jpg,22%,11%,382,12,6,210,190,55,128,http://cerealfacts.org/cereal_nutrition_scores.aspx?id=128,img_128_kelloggminiwheatlittlebiteschocolate_cropped.png,68,0,0,0,93.78,101.5,111.33,61.66,57.96,53.55
128,Family,74,http://cerealfacts.org/media/cereal_images/KelloggMiniWheatLittleBitesCinnamonRoll.jpg,22%,11%,0,12,6,0,190,55,129,http://cerealfacts.org/cereal_nutrition_scores.aspx?id=129,img_129_kelloggminiwheatlittlebitescinnamonroll_cropped.png,254,0,0,0,121.28,148.26,151.88,81.83,59.31,72.84
129,Family,74,http://cerealfacts.org/media/cereal_images/KelloggMiniWheatFrostedOriginal.jpg,20%,11%,0,11,6,0,190,55,130,http://cerealfacts.org/cereal_nutrition_scores.aspx?id=130,img_130_kelloggminiwheatfrostedoriginal_cropped.png,153,0,0,0,132.25,162.47,175.14,72.53,56.69,88.08
130,Adult,58,http://cerealfacts.org/media/cereal_images/KelloggMueslix.jpg,25%,9%,255,14,5,140,200,55,131,http://cerealfacts.org/cereal_nutrition_scores.aspx?id=131,img_131_kelloggmueslix_cropped.png,81,1,0,0,102.45,119.73,187.65,94.41,83.22,46.89
131,Adult,48,http://cerealfacts.org/media/cereal_images/KelloggProduct19.jpg,13%,3%,733,4,1,220,110,30,132,http://cerealfacts.org/cereal_nutrition_scores.aspx?id=132,img_132_kelloggproduct19_cropped.png,79,0,0,0,139.82,138.8,221.07,80.77,100.12,34.29
132,Adult,50,http://cerealfacts.org/media/cereal_images/KelloggRaisinBranCrunch.jpg,36%,8%,377,19,4,200,190,53,133,http://cerealfacts.org/cereal_nutrition_scores.aspx?id=133,img_133_kelloggraisinbrancrunch_cropped.png,254,0,1,1,136.01,124.66,133.03,77.9,73.64,72.4
133,Adult,54,http://cerealfacts.org/media/cereal_images/KelloggRaisinBranRegular.jpg,31%,12%,356,18,7,210,190,59,134,http://cerealfacts.org/cereal_nutrition_scores.aspx?id=134,img_134_kelloggraisinbranregular_cropped.png,45,0,1,1,101.83,102.36,156.69,71.74,83.79,71.85
134,Child,38,http://cerealfacts.org/media/cereal_images/KelloggRiceKrispiesFrostedKrispies.jpg,40%,0%,367,12,0,110,110,30,135,http://cerealfacts.org/cereal_nutrition_scores.aspx?id=135,img_135_kelloggricekrispiesfrostedkrispies_cropped.png,205,0,1,1,175.22,171.07,157.49,65.1,59.36,76.75
135,Child,38,http://cerealfacts.org/media/cereal_images/KelloggRiceKrispiesRiceKrispiesTreats.jpg,30%,0%,567,9,0,170,120,30,136,http://cerealfacts.org/cereal_nutrition_scores.aspx?id=136,img_136_kelloggricekrispiesricekrispiestreats_cropped.png,96,0,1,1,152.36,136.75,149.85,63.51,77.5,76.95
136,Child,52,http://cerealfacts.org/media/cereal_images/KelloggRiceKrispiesRegular.jpg,12%,3%,576,4,1,190,130,33,137,http://cerealfacts.org/cereal_nutrition_scores.aspx?id=137,img_137_kelloggricekrispiesregular_cropped.png,253,0,1,1,147.36,133.53,111.85,75.02,72.48,93.45
137,Child,64,http://cerealfacts.org/media/cereal_images/KelloggRiceKrispiesGlutenFree.jpg,3%,3%,600,1,1,180,110,30,138,http://cerealfacts.org/cereal_nutrition_scores.aspx?id=138,img_138_kelloggricekrispiesglutenfree_cropped.png,181,0,1,1,123.43,135.11,142.38,56.75,56.81,66.67
138,Adult,48,http://cerealfacts.org/media/cereal_images/KelloggSmartStartOriginalAntioxidants.jpg,28%,6%,560,14,3,280,180,50,139,http://cerealfacts.org/cereal_nutrition_scores.aspx?id=139,img_139_kelloggsmartstartoriginalantioxidants_cropped.png,255,1,0,0,178.5,181.95,189.88,79.31,66.97,61.88
139,Adult,56,http://cerealfacts.org/media/cereal_images/KelloggSmartStartToastedOat.jpg,28%,8%,233,17,5,140,220,60,140,http://cerealfacts.org/cereal_nutrition_scores.aspx?id=140,img_140_kelloggsmartstarttoastedoat_cropped.png,255,1,0,0,158.26,181.05,206.92,87.89,71.91,65.94
140,Family,40,http://cerealfacts.org/media/cereal_images/KelloggSmorz.jpg,43%,3%,450,13,1,135,120,30,141,http://cerealfacts.org/cereal_nutrition_scores.aspx?id=141,img_141_kelloggsmorz_cropped.png,122,0,0,0,151.19,151.39,117.37,88.83,69.03,90.24
141,Adult,52,http://cerealfacts.org/media/cereal_images/KelloggSpecialKBlueberry.jpg,27%,10%,467,8,3,140,110,30,142,http://cerealfacts.org/cereal_nutrition_scores.aspx?id=142,img_142_kelloggspecialkblueberry_cropped.png,255,1,0,0,165.16,145.95,171.84,69.8,77.81,66.25
142,Adult,36,http://cerealfacts.org/media/cereal_images/KelloggSpecialKChocolateyDelight.jpg,29%,10%,581,9,3,180,120,31,143,http://cerealfacts.org/cereal_nutrition_scores.aspx?id=143,img_143_kelloggspecialkchocolateydelight_cropped.png,255,1,0,0,133.12,147.03,193.31,78.08,74.72,53.83
143,Adult,48,http://cerealfacts.org/media/cereal_images/KelloggSpecialKCinnamonPecan.jpg,23%,10%,633,7,3,190,110,30,144,http://cerealfacts.org/cereal_nutrition_scores.aspx?id=144,img_144_kelloggspecialkcinnamonpecan_cropped.png,207,0,0,0,119.19,156.78,208.58,70.07,65.49,56.46
144,Adult,50,http://cerealfacts.org/media/cereal_images/KelloggSpecialKFruitYogurt.jpg,31%,9%,438,10,3,140,120,32,145,http://cerealfacts.org/cereal_nutrition_scores.aspx?id=145,img_145_kelloggspecialkfruityogurt_cropped.png,255,1,0,0,168.46,159.23,200.96,77.17,74.51,49.48
145,Adult,70,http://cerealfacts.org/media/cereal_images/KelloggSpecialKProteinPlus.jpg,7%,17%,379,2,5,110,100,29,146,http://cerealfacts.org/cereal_nutrition_scores.aspx?id=146,img_146_kelloggspecialkproteinplus_cropped.png,255,1,0,0,185.17,176.09,176.81,78.72,70.78,67.64
146,Adult,48,http://cerealfacts.org/media/cereal_images/KelloggSpecialKRedBerries.jpg,29%,10%,613,9,3,190,110,31,147,http://cerealfacts.org/cereal_nutrition_scores.aspx?id=147,img_147_kelloggspecialkredberries_cropped.png,225,1,0,0,143.93,145.73,204.83,90.53,86.47,54.63
147,Adult,44,http://cerealfacts.org/media/cereal_images/KelloggSpecialKRegular.jpg,13%,0%,710,4,0,220,120,31,148,http://cerealfacts.org/cereal_nutrition_scores.aspx?id=148,img_148_kelloggspecialkregular_cropped.png,242,1,0,0,190.13,192.33,217.19,66.07,65.72,33.83
148,Adult,48,http://cerealfacts.org/media/cereal_images/KelloggSpecialKVanillaAlmond.jpg,30%,10%,567,9,3,170,110,30,149,http://cerealfacts.org/cereal_nutrition_scores.aspx?id=149,img_149_kelloggspecialkvanillaalmond_cropped.png,86,0,0,0,120.35,148.75,205.33,63.67,78.04,50.31
149,Adult,50,http://cerealfacts.org/media/cereal_images/KelloggSpecialKMultigrainOatsHoney.jpg,28%,10%,483,8,3,140,100,29,150,http://cerealfacts.org/cereal_nutrition_scores.aspx?id=150,img_150_kelloggspecialkmultigrainoatshoney_cropped.png,211,1,0,0,136.88,143.26,170.38,66.56,64.37,50.46
150,Adult,76,http://cerealfacts.org/media/cereal_images/KelloggSpecialKLowFatGranola.jpg,6%,10%,221,3,5,115,190,52,151,http://cerealfacts.org/cereal_nutrition_scores.aspx?id=151,img_151_kelloggspecialklowfatgranola_cropped.png,209,0,0,0,116.99,130.19,127.31,75.53,63.38,53.48
151,Adult,56,http://cerealfacts.org/media/cereal_images/KelloggBearNakedCerealNutClusterCrunchHoneyAlmond.jpg,22%,6%,449,11,3,220,180,49,152,http://cerealfacts.org/cereal_nutrition_scores.aspx?id=152,img_152_kelloggbearnakedcerealnutclustercrunchhoneyalmond_cropped.png,175,0,0,0,125.24,169.21,204.21,92.69,65.29,59.02
152,Adult,56,http://cerealfacts.org/media/cereal_images/KelloggBearNakedCerealNutClusterCrunchMapleNut.jpg,22%,7%,441,13,4,260,220,59,153,http://cerealfacts.org/cereal_nutrition_scores.aspx?id=153,img_153_kelloggbearnakedcerealnutclustercrunchmaplenut_cropped.png,104,0,0,0,111.95,136.72,200.64,90.69,79.65,57.97
153,Adult,44,http://cerealfacts.org/media/cereal_images/KelloggCinnabon.jpg,40%,3%,383,12,1,115,120,30,154,http://cerealfacts.org/cereal_nutrition_scores.aspx?id=154,img_154_kelloggcinnabon_cropped.png,82,0,0,0,110.74,123.17,150.99,62.92,64.51,73.64
154,Adult,56,http://cerealfacts.org/media/cereal_images/KashiGranolaCocoaBeach.jpg,18%,13%,236,10,7,130,220,55,155,http://cerealfacts.org/cereal_nutrition_scores.aspx?id=155,img_155_kashigranolacocoabeach_cropped.png,255,1,0,0,141.35,163.16,184.59,90.62,80.43,71.36
155,Adult,56,http://cerealfacts.org/media/cereal_images/KashiGranolaMtMedleyGranola.jpg,18%,11%,245,10,6,135,230,55,156,http://cerealfacts.org/cereal_nutrition_scores.aspx?id=156,img_156_kashigranolamtmedleygranola_cropped.png,245,1,0,0,156.45,177.5,198.96,88.8,78.26,58.22
156,Adult,70,http://cerealfacts.org/media/cereal_images/KashiShreddedWheatTypeAutumnWheat.jpg,20%,13%,227,11,7,125,210,55,157,http://cerealfacts.org/cereal_nutrition_scores.aspx?id=157,img_157_kashishreddedwheattypeautumnwheat_cropped.png,255,1,0,0,138.85,172.5,208.42,82.44,66.97,57.04
157,Adult,76,http://cerealfacts.org/media/cereal_images/KashiShreddedWheatTypeCinnamonHarvest.jpg,16%,9%,0,9,5,0,180,55,158,http://cerealfacts.org/cereal_nutrition_scores.aspx?id=158,img_158_kashishreddedwheattypecinnamonharvest_cropped.png,234,1,0,0,142.87,160.55,181.35,77.85,67.84,54.84
158,Adult,76,http://cerealfacts.org/media/cereal_images/KashiShreddedWheatTypeIslandVanilla.jpg,16%,11%,9,9,6,5,190,55,159,http://cerealfacts.org/cereal_nutrition_scores.aspx?id=159,img_159_kashishreddedwheattypeislandvanilla_cropped.png,246,1,0,0,165.76,195.38,206.82,78.24,54.69,56.0
159,Adult,74,http://cerealfacts.org/media/cereal_images/KashiFlakes7WholeGrainsFlakes.jpg,8%,12%,300,4,6,150,180,50,160,http://cerealfacts.org/cereal_nutrition_scores.aspx?id=160,img_160_kashiflakes7wholegrainsflakes_cropped.png,255,1,0,0,179.42,202.17,222.01,88.16,63.52,61.34
160,Adult,78,http://cerealfacts.org/media/cereal_images/KashiGoLeanOriginal.jpg,12%,19%,163,6,10,85,140,52,161,http://cerealfacts.org/cereal_nutrition_scores.aspx?id=161,img_161_kashigoleanoriginal_cropped.png,232,0,0,0,155.49,175.13,208.34,84.02,73.51,48.53
161,Adult,58,http://cerealfacts.org/media/cereal_images/KashiGoLeanCrunchHoneyAlmondFlax.jpg,23%,15%,264,12,8,140,200,53,162,http://cerealfacts.org/cereal_nutrition_scores.aspx?id=162,img_162_kashigoleancrunchhoneyalmondflax_cropped.png,255,1,0,0,159.11,193.26,218.14,94.1,65.19,49.7
162,Adult,58,http://cerealfacts.org/media/cereal_images/KashiGoLeanCrunchOriginal.jpg,25%,15%,189,13,8,100,190,53,163,http://cerealfacts.org/cereal_nutrition_scores.aspx?id=163,img_163_kashigoleancrunchoriginal_cropped.png,255,1,0,0,150.21,159.3,191.78,93.47,98.89,72.86
163,Adult,72,http://cerealfacts.org/media/cereal_images/KashiGoodFriendsOriginal.jpg,19%,23%,208,10,12,110,160,53,164,http://cerealfacts.org/cereal_nutrition_scores.aspx?id=164,img_164_kashigoodfriendsoriginal_cropped.png,48,0,0,0,67.26,73.81,149.96,70.26,89.82,62.22
164,Adult,72,http://cerealfacts.org/media/cereal_images/KashiHeartToHeartHoneyToastedOat.jpg,15%,15%,258,5,5,85,120,33,165,http://cerealfacts.org/cereal_nutrition_scores.aspx?id=165,img_165_kashihearttohearthoneytoastedoat_cropped.png,255,1,0,0,178.96,195.33,214.44,84.94,71.62,55.14
165,Adult,70,http://cerealfacts.org/media/cereal_images/KashiHeartToHeartOatFlakesWildBlueberryClusters.jpg,22%,7%,245,12,4,135,200,55,166,http://cerealfacts.org/cereal_nutrition_scores.aspx?id=166,img_166_kashihearttoheartoatflakeswildblueberryclusters_cropped.png,255,1,0,0,183.94,190.06,198.8,83.87,72.76,68.6
166,Adult,72,http://cerealfacts.org/media/cereal_images/KashiHeartTohHeartWarmCinnamonOat.jpg,15%,15%,242,5,5,80,120,33,167,http://cerealfacts.org/cereal_nutrition_scores.aspx?id=167,img_167_kashihearttohheartwarmcinnamonoat_cropped.png,255,1,0,0,178.35,188.62,203.78,90.6,73.0,64.1
167,Adult,74,http://cerealfacts.org/media/cereal_images/KashiHoneyPuffs7WholeGrainsHoneyPuffs.jpg,20%,7%,0,6,2,0,120,30,168,http://cerealfacts.org/cereal_nutrition_scores.aspx?id=168,img_168_kashihoneypuffs7wholegrainshoneypuffs_cropped.png,255,1,0,0,158.4,178.66,193.03,85.77,63.79,56.74
168,Family,56,http://cerealfacts.org/media/cereal_images/KashiSquaresHoneySunshine.jpg,20%,17%,450,6,5,135,100,30,169,http://cerealfacts.org/cereal_nutrition_scores.aspx?id=169,img_169_kashisquareshoneysunshine_cropped.png,255,1,0,0,178.42,214.15,228.37,81.97,46.98,53.08
169,Family,54,http://cerealfacts.org/media/cereal_images/KashiSquaresBerryBlossoms.jpg,23%,20%,417,7,6,125,100,30,170,http://cerealfacts.org/cereal_nutrition_scores.aspx?id=170,img_170_kashisquaresberryblossoms_cropped.png,255,1,0,0,172.94,177.02,202.98,88.29,87.78,65.76
170,Adult,72,http://cerealfacts.org/media/cereal_images/KashiNuggets7WholeGrainsNuggets.jpg,5%,12%,448,3,7,260,210,58,171,http://cerealfacts.org/cereal_nutrition_scores.aspx?id=171,img_171_kashinuggets7wholegrainsnuggets_cropped.png,254,1,0,0,169.17,172.55,184.93,82.27,74.64,63.76
171,None,82,http://cerealfacts.org/media/cereal_images/KashiPuffs7WholeGrainsPuffs.jpg,0%,5%,0,0,1,0,70,19,172,http://cerealfacts.org/cereal_nutrition_scores.aspx?id=172,img_172_kashipuffs7wholegrainspuffs_cropped.png,255,1,0,0,194.23,197.81,207.99,82.38,79.5,67.29
172,Adult,46,http://cerealfacts.org/media/cereal_images/KashiStrawberryFields.jpg,28%,3%,531,9,1,170,120,32,173,http://cerealfacts.org/cereal_nutrition_scores.aspx?id=173,img_173_kashistrawberryfields_cropped.png,255,1,0,0,163.9,174.62,198.13,82.06,77.37,55.84
173,Adult,70,http://cerealfacts.org/media/cereal_images/KashiUBlackCurrantsWalnuts.jpg,20%,13%,227,11,7,125,210,55,174,http://cerealfacts.org/cereal_nutrition_scores.aspx?id=174,img_174_kashiublackcurrantswalnuts_cropped.png,125,0,0,0,88.93,124.75,135.09,32.78,38.29,28.6
174,Adult,70,http://cerealfacts.org/media/cereal_images/KashiGoLeanCrispCinnamonCrumble.jpg,20%,18%,255,10,9,130,190,51,175,http://cerealfacts.org/cereal_nutrition_scores.aspx?id=175,img_175_kashigoleancrispcinnamoncrumble_cropped.png,255,1,0,0,139.69,178.89,213.87,96.17,76.29,57.62
175,Adult,70,http://cerealfacts.org/media/cereal_images/KashiGoLeanCrispBerryCrumble.jpg,20%,16%,245,10,8,125,180,51,176,http://cerealfacts.org/cereal_nutrition_scores.aspx?id=176,img_176_kashigoleancrispberrycrumble_cropped.png,244,1,0,0,146.41,165.1,190.5,76.21,65.99,48.78
176,Family,72,http://cerealfacts.org/media/cereal_images/KashiGoldenGoodness.jpg,13%,10%,283,8,6,170,210,60,177,http://cerealfacts.org/cereal_nutrition_scores.aspx?id=177,img_177_kashigoldengoodness_cropped.png,255,1,0,0,190.06,211.79,229.08,91.51,63.34,56.3
177,Adult,54,http://cerealfacts.org/media/cereal_images/KashiOrganicCeralIndigoMorning.jpg,22%,7%,463,6,2,125,100,27,178,http://cerealfacts.org/cereal_nutrition_scores.aspx?id=178,img_178_kashiorganicceralindigomorning_cropped.png,227,1,0,0,154.51,172.36,185.73,84.64,69.33,73.85
178,Adult,56,http://cerealfacts.org/media/cereal_images/KashiOrganicCerealSimplyMaize.jpg,22%,7%,407,6,2,110,100,27,179,http://cerealfacts.org/cereal_nutrition_scores.aspx?id=179,img_179_kashiorganiccerealsimplymaize_cropped.png,255,1,0,0,186.38,214.32,214.67,78.62,52.28,59.61
179,Adult,54,http://cerealfacts.org/media/cereal_images/NewmansOwnFlakeNStrawberry.jpg,27%,7%,433,8,2,130,110,30,180,http://cerealfacts.org/cereal_nutrition_scores.aspx?id=180,img_180_newmansownflakenstrawberry_cropped.png,0,0,1,0,93.95,114.73,182.83,73.16,78.89,51.58
180,Adult,56,http://cerealfacts.org/media/cereal_images/NewmansOwnHoneyFlaxFlakes.jpg,27%,13%,267,8,4,80,100,30,181,http://cerealfacts.org/cereal_nutrition_scores.aspx?id=181,img_181_newmansownhoneyflaxflakes_cropped.png,204,0,1,0,119.28,142.46,139.52,71.46,60.74,62.8
181,Adult,74,http://cerealfacts.org/media/cereal_images/NewmansOwnCinnamonFiberFlakes.jpg,20%,27%,0,6,8,0,90,30,182,http://cerealfacts.org/cereal_nutrition_scores.aspx?id=182,img_182_newmansowncinnamonfiberflakes_cropped.png,115,0,1,0,73.59,106.13,177.82,46.76,51.43,51.14
182,Adult,54,http://cerealfacts.org/media/cereal_images/NewmansOwnVanillaAlmond.jpg,23%,7%,417,7,2,125,110,30,183,http://cerealfacts.org/cereal_nutrition_scores.aspx?id=183,img_183_newmansownvanillaalmond_cropped.png,254,0,1,0,132.31,173.41,194.46,77.1,68.74,63.52
183,Child,54,http://cerealfacts.org/media/cereal_images/NPEnvirokidzOrganicAmazonFrostedFlakes.jpg,23%,7%,400,7,2,120,120,30,184,http://cerealfacts.org/cereal_nutrition_scores.aspx?id=184,img_184_npenvirokidzorganicamazonfrostedflakes_cropped.png,2,0,1,1,32.36,86.7,111.9,50.56,66.36,78.99
184,Child,54,http://cerealfacts.org/media/cereal_images/NPEnvirokidzOrganicGorillaMunch.jpg,30%,7%,333,9,2,100,115,30,185,http://cerealfacts.org/cereal_nutrition_scores.aspx?id=185,img_185_npenvirokidzorganicgorillamunch_cropped.png,254,0,1,1,102.05,132.76,130.25,66.89,70.86,77.83
185,Child,48,http://cerealfacts.org/media/cereal_images/NPEnvirokidzOrganicKoalaCrisp.jpg,30%,3%,450,9,1,135,120,30,186,http://cerealfacts.org/cereal_nutrition_scores.aspx?id=186,img_186_npenvirokidzorganickoalacrisp_cropped.png,249,0,1,1,130.53,142.69,148.77,65.59,60.42,71.71
186,Child,54,http://cerealfacts.org/media/cereal_images/NPEnvirokidzOrganicLeapinLemurs.jpg,27%,7%,383,8,2,115,120,30,187,http://cerealfacts.org/cereal_nutrition_scores.aspx?id=187,img_187_npenvirokidzorganicleapinlemurs_cropped.png,248,0,1,1,106.91,159.04,170.08,71.48,67.48,73.02
187,Child,44,http://cerealfacts.org/media/cereal_images/NPEnvirokidzOrganicPeanutButterPandaPuffs.jpg,40%,3%,317,12,1,95,130,30,188,http://cerealfacts.org/cereal_nutrition_scores.aspx?id=188,img_188_npenvirokidzorganicpeanutbutterpandapuffs_cropped.png,247,0,1,1,120.35,145.51,167.11,71.48,72.64,76.77
188,Adult,52,http://cerealfacts.org/media/cereal_images/NPFlaxPlusMultibranFlakes.jpg,17%,23%,633,5,7,190,100,30,189,http://cerealfacts.org/cereal_nutrition_scores.aspx?id=189,img_189_npflaxplusmultibranflakes_cropped.png,217,0,0,0,120.86,130.41,138.23,56.19,75.55,91.14
189,Adult,58,http://cerealfacts.org/media/cereal_images/NPFlaxPlusRedberryCrunch.jpg,18%,9%,291,10,5,160,210,55,190,http://cerealfacts.org/cereal_nutrition_scores.aspx?id=190,img_190_npflaxplusredberrycrunch_cropped.png,76,0,0,0,102.64,101.91,174.18,62.84,80.37,51.13
190,Adult,56,http://cerealfacts.org/media/cereal_images/NPFlaxPlusMaplePecanCrunch.jpg,18%,9%,345,10,5,190,220,55,191,http://cerealfacts.org/cereal_nutrition_scores.aspx?id=191,img_191_npflaxplusmaplepecancrunch_cropped.png,242,0,0,0,103.11,135.4,189.1,75.68,72.41,56.37
191,Adult,56,http://cerealfacts.org/media/cereal_images/NPFlaxPlusPumpkinRaisinCrunch.jpg,24%,13%,273,13,7,150,210,55,192,http://cerealfacts.org/cereal_nutrition_scores.aspx?id=192,img_192_npflaxpluspumpkinraisincrunch_cropped.png,192,0,0,0,92.93,135.04,168.98,49.59,71.69,80.6
192,Adult,58,http://cerealfacts.org/media/cereal_images/NPFlaxPlusRaisinBranFlakes.jpg,22%,15%,345,12,8,190,190,55,193,http://cerealfacts.org/cereal_nutrition_scores.aspx?id=193,img_193_npflaxplusraisinbranflakes_cropped.png,69,0,0,0,77.93,66.22,113.5,35.92,37.32,34.79
193,Adult,58,http://cerealfacts.org/media/cereal_images/NPHeritageCrunch.jpg,11%,11%,382,6,6,210,230,55,194,http://cerealfacts.org/cereal_nutrition_scores.aspx?id=194,img_194_npheritagecrunch_cropped.png,43,0,0,0,77.75,133.01,175.57,54.39,73.88,80.21
194,Adult,54,http://cerealfacts.org/media/cereal_images/NPSunriseCrunchyMaple.jpg,23%,10%,433,7,3,130,110,30,195,http://cerealfacts.org/cereal_nutrition_scores.aspx?id=195,img_195_npsunrisecrunchymaple_cropped.png,73,0,0,0,43.55,103.32,148.82,68.66,58.73,56.01
195,Adult,54,http://cerealfacts.org/media/cereal_images/NPSunriseCrunchyVanilla.jpg,23%,10%,433,7,3,130,110,30,196,http://cerealfacts.org/cereal_nutrition_scores.aspx?id=196,img_196_npsunrisecrunchyvanilla_cropped.png,232,0,0,0,158.03,179.47,198.57,75.25,58.31,49.62
196,Adult,68,http://cerealfacts.org/media/cereal_images/NPCrispyRiceCereal.jpg,7%,7%,533,2,2,160,110,30,197,http://cerealfacts.org/cereal_nutrition_scores.aspx?id=197,img_197_npcrispyricecereal_cropped.png,49,0,0,0,121.16,121.96,113.22,61.35,66.32,93.45
197,Adult,58,http://cerealfacts.org/media/cereal_images/NPFruitJuiceSweetenedCornFlakes.jpg,10%,0%,417,3,0,125,120,30,198,http://cerealfacts.org/cereal_nutrition_scores.aspx?id=198,img_198_npfruitjuicesweetenedcornflakes_cropped.png,254,0,0,0,142.56,195.14,203.37,71.62,58.26,80.04
198,Family,44,http://cerealfacts.org/media/cereal_images/PostAlphaBits.jpg,36%,7%,643,10,2,180,110,28,199,http://cerealfacts.org/cereal_nutrition_scores.aspx?id=199,img_199_postalphabits_cropped.png,208,0,1,1,150.8,142.85,125.12,58.91,53.42,86.62
199,Adult,54,http://cerealfacts.org/media/cereal_images/PostBranFlakes.jpg,17%,17%,600,5,5,180,100,30,200,http://cerealfacts.org/cereal_nutrition_scores.aspx?id=200,img_200_postbranflakes_cropped.png,156,0,0,0,62.21,152.37,212.6,67.35,46.83,49.67
200,Family,46,http://cerealfacts.org/media/cereal_images/PostGoldenCrisp.jpg,52%,4%,93,14,1,25,110,27,201,http://cerealfacts.org/cereal_nutrition_scores.aspx?id=201,img_201_postgoldencrisp_cropped.png,146,0,1,1,102.24,159.0,175.62,85.26,67.44,83.67
201,Adult,58,http://cerealfacts.org/media/cereal_images/PostGrapeNutsFlakes.jpg,14%,10%,431,4,3,125,110,29,202,http://cerealfacts.org/cereal_nutrition_scores.aspx?id=202,img_202_postgrapenutsflakes_cropped.png,234,1,0,0,181.93,188.08,213.5,76.79,71.15,45.05
202,Adult,70,http://cerealfacts.org/media/cereal_images/PostGrapeNutsRegular.jpg,9%,12%,500,5,7,290,200,58,203,http://cerealfacts.org/cereal_nutrition_scores.aspx?id=203,img_203_postgrapenutsregular_cropped.png,209,1,0,0,165.3,163.56,183.64,60.91,69.34,53.32
203,Adult,54,http://cerealfacts.org/media/cereal_images/PostHBOHoneyRoasted.jpg,20%,7%,467,6,2,140,120,30,204,http://cerealfacts.org/cereal_nutrition_scores.aspx?id=204,img_204_posthbohoneyroasted_cropped.png,237,0,0,0,110.21,171.76,218.68,88.83,69.81,54.38
204,Adult,54,http://cerealfacts.org/media/cereal_images/PostHBOWithAlmonds.jpg,19%,6%,422,6,2,135,130,32,205,http://cerealfacts.org/cereal_nutrition_scores.aspx?id=205,img_205_posthbowithalmonds_cropped.png,251,0,0,0,128.92,157.06,165.51,95.81,76.17,89.75
205,Adult,54,http://cerealfacts.org/media/cereal_images/PostHBOWithCinnamonClusters.jpg,20%,7%,500,6,2,150,120,30,206,http://cerealfacts.org/cereal_nutrition_scores.aspx?id=206,img_206_posthbowithcinnamonclusters_cropped.png,237,0,0,0,125.06,153.5,210.73,85.91,80.48,44.05
206,Adult,54,http://cerealfacts.org/media/cereal_images/PostHBOWithRealStrawberries.jpg,26%,6%,403,8,2,125,120,31,207,http://cerealfacts.org/cereal_nutrition_scores.aspx?id=207,img_207_posthbowithrealstrawberries_cropped.png,224,0,0,0,79.96,109.24,187.41,88.26,80.5,52.21
207,Adult,58,http://cerealfacts.org/media/cereal_images/PostHBOWithVanillaClusters.jpg,21%,7%,304,12,4,170,220,56,208,http://cerealfacts.org/cereal_nutrition_scores.aspx?id=208,img_208_posthbowithvanillaclusters_cropped.png,63,0,0,0,87.5,132.36,190.96,98.79,80.66,58.15
208,Adult,48,http://cerealfacts.org/media/cereal_images/PostHBOWithPecanBunches.jpg,21%,3%,483,6,1,140,120,29,209,http://cerealfacts.org/cereal_nutrition_scores.aspx?id=209,img_209_posthbowithpecanbunches_cropped.png,63,0,0,0,79.92,133.81,163.39,94.84,78.63,80.64
209,Adult,54,http://cerealfacts.org/media/cereal_images/PostHBORaisinMedley.jpg,27%,4%,346,14,2,180,200,52,210,http://cerealfacts.org/cereal_nutrition_scores.aspx?id=210,img_210_posthboraisinmedley_cropped.png,195,0,0,0,81.78,121.13,142.34,76.4,63.66,56.17
210,Adult,58,http://cerealfacts.org/media/cereal_images/PostHBOJustBunchesHoneyRoasted.jpg,25%,7%,140,14,4,80,250,57,211,http://cerealfacts.org/cereal_nutrition_scores.aspx?id=211,img_211_posthbojustbuncheshoneyroasted_cropped.png,228,0,0,0,102.03,176.34,212.29,78.22,65.04,62.99
211,Child,40,http://cerealfacts.org/media/cereal_images/PostHoneyCombRegular.jpg,31%,3%,562,10,1,180,130,32,212,http://cerealfacts.org/cereal_nutrition_scores.aspx?id=212,img_212_posthoneycombregular_cropped.png,189,0,0,0,97.88,152.85,174.89,75.47,60.01,73.83
212,Child,26,http://cerealfacts.org/media/cereal_images/PostPebblesCocoa.jpg,37%,0%,633,11,0,190,120,30,213,http://cerealfacts.org/cereal_nutrition_scores.aspx?id=213,img_213_postpebblescocoa_cropped.png,185,0,1,1,60.69,95.85,138.25,59.01,67.03,63.27
213,Child,26,http://cerealfacts.org/media/cereal_images/PostPebblesFruity.jpg,37%,0%,633,11,0,190,120,30,214,http://cerealfacts.org/cereal_nutrition_scores.aspx?id=214,img_214_postpebblesfruity_cropped.png,217,0,1,1,80.96,108.8,179.77,65.06,81.6,72.56
214,Child,50,http://cerealfacts.org/media/cereal_images/PostPebblesBouldersChocolatePeanutButter.jpg,30%,7%,296,8,2,80,110,27,215,http://cerealfacts.org/cereal_nutrition_scores.aspx?id=215,img_215_postpebblesboulderschocolatepeanutbutter_cropped.png,254,0,1,1,77.54,122.14,186.8,76.24,67.76,61.91
215,Child,28,http://cerealfacts.org/media/cereal_images/PostPebblesMarshmallow.jpg,37%,0%,667,10,0,180,110,27,216,http://cerealfacts.org/cereal_nutrition_scores.aspx?id=216,img_216_postpebblesmarshmallow_cropped.png,208,0,1,1,120.72,145.13,132.72,85.15,69.29,106.24
216,Family,50,http://cerealfacts.org/media/cereal_images/PostRaisinBran.jpg,32%,14%,424,19,8,250,190,59,217,http://cerealfacts.org/cereal_nutrition_scores.aspx?id=217,img_217_postraisinbran_cropped.png,64,0,0,0,115.51,92.85,117.38,70.95,81.13,76.84
217,Adult,48,http://cerealfacts.org/media/cereal_images/PostSelectsBlueberryMorning.jpg,29%,4%,382,16,2,210,220,55,218,http://cerealfacts.org/cereal_nutrition_scores.aspx?id=218,img_218_postselectsblueberrymorning_cropped.png,68,0,0,0,114.05,138.93,146.02,64.06,69.72,97.57
218,Adult,56,http://cerealfacts.org/media/cereal_images/PostSelectsMaplePecanCrunch.jpg,23%,8%,240,12,4,125,210,52,219,http://cerealfacts.org/cereal_nutrition_scores.aspx?id=219,img_219_postselectsmaplepecancrunch_cropped.png,237,1,0,0,131.03,174.12,218.77,85.69,61.99,35.22
219,Adult,58,http://cerealfacts.org/media/cereal_images/PostSelectsGreatGrainsCranberryAlmondCrunch.jpg,25%,10%,219,12,5,105,180,48,220,http://cerealfacts.org/cereal_nutrition_scores.aspx?id=220,img_220_postselectsgreatgrainscranberryalmondcrunch_cropped.png,82,0,0,0,102.02,126.8,199.01,72.52,83.79,53.19
220,Adult,58,http://cerealfacts.org/media/cereal_images/PostSelectsGreatGrainsCrunchyPecans.jpg,15%,10%,288,8,5,150,210,52,221,http://cerealfacts.org/cereal_nutrition_scores.aspx?id=221,img_221_postselectsgreatgrainscrunchypecans_cropped.png,234,1,0,0,128.92,148.89,183.68,82.87,79.47,61.18
221,Adult,58,http://cerealfacts.org/media/cereal_images/PostSelectsGreatGrainsRaisinDatePecan.jpg,24%,9%,245,13,5,135,210,55,222,http://cerealfacts.org/cereal_nutrition_scores.aspx?id=222,img_222_postselectsgreatgrainsraisindatepecan_cropped.png,32,0,0,0,96.59,125.83,186.07,75.68,83.3,66.62
222,Adult,56,http://cerealfacts.org/media/cereal_images/PostSelectsGreatGrainsBananaNutCrunch.jpg,19%,12%,237,11,7,140,240,59,223,http://cerealfacts.org/cereal_nutrition_scores.aspx?id=223,img_223_postselectsgreatgrainsbanananutcrunch_cropped.png,207,1,0,0,91.4,149.84,186.75,91.27,61.5,46.44
223,Adult,82,http://cerealfacts.org/media/cereal_images/PostShreddedWheatOriginal.jpg,0%,13%,0,0,6,0,160,47,224,http://cerealfacts.org/cereal_nutrition_scores.aspx?id=224,img_224_postshreddedwheatoriginal_cropped.png,90,0,0,0,68.59,74.54,207.39,61.78,70.96,32.08
224,Adult,72,http://cerealfacts.org/media/cereal_images/PostShreddedWheatSpoonSizeHoneyNut.jpg,20%,10%,102,12,6,60,220,59,225,http://cerealfacts.org/cereal_nutrition_scores.aspx?id=225,img_225_postshreddedwheatspoonsizehoneynut_cropped.png,180,0,0,0,73.97,140.46,228.3,59.24,49.16,34.79
225,Adult,82,http://cerealfacts.org/media/cereal_images/PostShreddedWheatSpoonSizeOriginal.jpg,0%,12%,0,0,6,0,170,49,226,http://cerealfacts.org/cereal_nutrition_scores.aspx?id=226,img_226_postshreddedwheatspoonsizeoriginal_cropped.png,90,0,0,0,71.68,78.58,209.81,61.65,70.87,32.44
226,Adult,82,http://cerealfacts.org/media/cereal_images/PostShreddedWheatSpoonSizeWheatNBran.jpg,0%,15%,0,0,9,0,200,59,227,http://cerealfacts.org/cereal_nutrition_scores.aspx?id=227,img_227_postshreddedwheatspoonsizewheatnbran_cropped.png,64,0,0,0,71.67,91.34,147.99,63.59,65.5,51.93
227,Adult,74,http://cerealfacts.org/media/cereal_images/PostShreddedWheatSpoonSizeLightlyFrosted.jpg,21%,11%,0,12,6,0,200,56,228,http://cerealfacts.org/cereal_nutrition_scores.aspx?id=228,img_228_postshreddedwheatspoonsizelightlyfrosted_cropped.png,253,0,0,0,202.53,189.91,156.59,51.75,47.23,75.82
228,Family,44,http://cerealfacts.org/media/cereal_images/PostWaffleCrisp.jpg,40%,3%,383,12,1,115,120,30,229,http://cerealfacts.org/cereal_nutrition_scores.aspx?id=229,img_229_postwafflecrisp_cropped.png,173,0,1,1,49.83,125.53,194.77,70.68,63.32,67.28
229,Adult,56,http://cerealfacts.org/media/cereal_images/PeaceFrenchVanillaGranola.jpg,27%,5%,127,15,3,70,240,55,230,http://cerealfacts.org/cereal_nutrition_scores.aspx?id=230,img_230_peacefrenchvanillagranola_cropped.png,168,0,0,0,104.91,107.77,127.53,56.92,50.66,42.55
230,Adult,58,http://cerealfacts.org/media/cereal_images/PeaceGoldenHoneyGranola.jpg,18%,7%,218,10,4,120,240,55,231,http://cerealfacts.org/cereal_nutrition_scores.aspx?id=231,img_231_peacegoldenhoneygranola_cropped.png,203,1,0,0,136.46,151.87,171.22,84.38,68.44,39.13
231,Adult,46,http://cerealfacts.org/media/cereal_images/PeaceMangoPassion.jpg,18%,4%,600,10,2,330,230,55,232,http://cerealfacts.org/cereal_nutrition_scores.aspx?id=232,img_232_peacemangopassion_cropped.png,207,1,0,0,129.17,150.1,179.42,88.13,69.09,34.03
232,Adult,54,http://cerealfacts.org/media/cereal_images/PeaceMaplePecan.jpg,20%,5%,400,11,3,220,240,55,233,http://cerealfacts.org/cereal_nutrition_scores.aspx?id=233,img_233_peacemaplepecan_cropped.png,246,1,0,0,151.77,176.16,203.64,89.17,72.61,47.21
233,Adult,54,http://cerealfacts.org/media/cereal_images/PeaceRasberryGinger.jpg,22%,5%,418,12,3,230,230,55,234,http://cerealfacts.org/cereal_nutrition_scores.aspx?id=234,img_234_peacerasberryginger_cropped.png,238,1,0,0,139.26,167.18,208.36,90.78,72.03,34.61
234,Adult,54,http://cerealfacts.org/media/cereal_images/PeaceVanillaAlmond.jpg,20%,5%,382,11,3,210,240,55,235,http://cerealfacts.org/cereal_nutrition_scores.aspx?id=235,img_235_peacevanillaalmond_cropped.png,236,1,0,0,170.86,184.35,209.73,80.16,63.54,36.96
235,Adult,56,http://cerealfacts.org/media/cereal_images/PeaceWildBerryCrisp.jpg,13%,5%,600,7,3,330,220,55,236,http://cerealfacts.org/cereal_nutrition_scores.aspx?id=236,img_236_peacewildberrycrisp_cropped.png,230,1,0,0,128.33,159.57,207.61,101.82,83.73,40.41
236,Adult,58,http://cerealfacts.org/media/cereal_images/PeaceCherryAlmond.jpg,24%,5%,136,13,3,75,240,55,237,http://cerealfacts.org/cereal_nutrition_scores.aspx?id=237,img_237_peacecherryalmond_cropped.png,246,1,0,0,164.12,178.41,205.49,82.83,71.54,42.0
237,Adult,70,http://cerealfacts.org/media/cereal_images/PeaceHeartyRaisinBran.jpg,16%,15%,309,9,8,170,190,55,238,http://cerealfacts.org/cereal_nutrition_scores.aspx?id=238,img_238_peaceheartyraisinbran_cropped.png,99,1,0,0,149.18,168.93,200.98,90.32,77.57,50.5
238,Adult,70,http://cerealfacts.org/media/cereal_images/PeaceGojiBerry.jpg,13%,9%,345,7,5,190,210,55,239,http://cerealfacts.org/cereal_nutrition_scores.aspx?id=239,img_239_peacegojiberry_cropped.png,245,1,0,0,163.37,179.6,191.08,85.87,68.32,50.96
239,Adult,70,http://cerealfacts.org/media/cereal_images/PeaceBlueberryPomegranate.jpg,25%,5%,36,14,3,20,240,55,240,http://cerealfacts.org/cereal_nutrition_scores.aspx?id=240,img_240_peaceblueberrypomegranate_cropped.png,244,1,0,0,158.92,171.4,200.7,83.01,73.47,47.63
240,Adult,52,http://cerealfacts.org/media/cereal_images/PeaceAppleCinnamon.jpg,22%,5%,545,12,3,300,220,55,241,http://cerealfacts.org/cereal_nutrition_scores.aspx?id=241,img_241_peaceapplecinnamon_cropped.png,245,1,0,0,145.17,169.17,199.04,88.45,69.78,50.73
241,Adult,52,http://cerealfacts.org/media/cereal_images/PeaceWalnutSpice.jpg,31%,9%,291,17,5,160,230,55,242,http://cerealfacts.org/cereal_nutrition_scores.aspx?id=242,img_242_peacewalnutspice_cropped.png,237,1,0,0,155.03,172.5,215.91,86.62,71.46,33.36
242,Family,32,http://cerealfacts.org/media/cereal_images/QuakerCapNCrunchPeanutButterCrunch.jpg,33%,4%,741,9,1,200,110,27,243,http://cerealfacts.org/cereal_nutrition_scores.aspx?id=243,img_243_quakercapncrunchpeanutbuttercrunch_cropped.png,98,0,1,1,60.13,98.84,148.27,58.45,58.99,74.58
243,Family,28,http://cerealfacts.org/media/cereal_images/QuakerCapNCrunchWithCrunchberries.jpg,42%,4%,731,11,1,190,110,26,244,http://cerealfacts.org/cereal_nutrition_scores.aspx?id=244,img_244_quakercapncrunchwithcrunchberries_cropped.png,194,0,1,1,93.05,145.41,173.99,74.8,67.79,76.52
244,Family,28,http://cerealfacts.org/media/cereal_images/QuakerCapNCrunchRegular.jpg,44%,4%,741,12,1,200,110,27,245,http://cerealfacts.org/cereal_nutrition_scores.aspx?id=245,img_245_quakercapncrunchregular_cropped.png,82,0,1,1,115.0,124.03,177.01,70.68,72.02,70.03
245,Family,38,http://cerealfacts.org/media/cereal_images/QuakerCapNCrunchChocolateCrunch.jpg,41%,4%,463,11,1,125,110,27,246,http://cerealfacts.org/cereal_nutrition_scores.aspx?id=246,img_246_quakercapncrunchchocolatecrunch_cropped.png,254,0,1,1,72.82,109.69,139.39,69.11,69.74,63.31
246,Family,30,http://cerealfacts.org/media/cereal_images/QuakerCapNCrunchOopsAllBerries.jpg,47%,3%,656,15,1,210,130,32,247,http://cerealfacts.org/cereal_nutrition_scores.aspx?id=247,img_247_quakercapncrunchoopsallberries_cropped.png,221,0,1,1,122.99,129.26,122.84,70.76,73.43,79.21
247,Family,52,http://cerealfacts.org/media/cereal_images/QuakerLifeCinnamon.jpg,25%,6%,469,8,2,150,120,32,248,http://cerealfacts.org/cereal_nutrition_scores.aspx?id=248,img_248_quakerlifecinnamon_cropped.png,218,0,1,0,112.51,151.98,182.08,55.9,83.31,90.63
248,Family,52,http://cerealfacts.org/media/cereal_images/QuakerLifeMapleBrownSugar.jpg,25%,6%,469,8,2,150,120,32,249,http://cerealfacts.org/cereal_nutrition_scores.aspx?id=249,img_249_quakerlifemaplebrownsugar_cropped.png,45,0,1,0,99.27,115.88,147.19,58.25,64.07,68.13
249,Family,54,http://cerealfacts.org/media/cereal_images/QuakerLifeRegular.jpg,19%,6%,500,6,2,160,120,32,250,http://cerealfacts.org/cereal_nutrition_scores.aspx?id=250,img_250_quakerliferegular_cropped.png,227,1,1,0,159.56,170.5,174.13,83.09,67.49,66.76
250,Adult,58,http://cerealfacts.org/media/cereal_images/QuakerNaturalGranolaLowfat.jpg,25%,9%,236,14,5,130,210,55,251,http://cerealfacts.org/cereal_nutrition_scores.aspx?id=251,img_251_quakernaturalgranolalowfat_cropped.png,25,0,1,0,110.95,109.09,112.41,65.41,75.42,79.41
251,Adult,70,http://cerealfacts.org/media/cereal_images/QuakerNaturalGranolaOatsHoneyRaisins.jpg,25%,10%,59,13,5,30,210,51,252,http://cerealfacts.org/cereal_nutrition_scores.aspx?id=252,img_252_quakernaturalgranolaoatshoneyraisins_cropped.png,255,0,1,0,136.43,133.39,159.71,77.63,92.43,85.95
252,Adult,58,http://cerealfacts.org/media/cereal_images/QuakerNaturalGranolaAppleCranberryAlmond.jpg,27%,10%,51,13,5,25,200,49,253,http://cerealfacts.org/cereal_nutrition_scores.aspx?id=253,img_253_quakernaturalgranolaapplecranberryalmond_cropped.png,210,0,1,0,121.1,133.56,136.84,65.11,71.36,76.12
253,Adult,70,http://cerealfacts.org/media/cereal_images/QuakerNaturalGranolaOatsHoneyAlmonds.jpg,21%,10%,52,10,5,25,200,48,254,http://cerealfacts.org/cereal_nutrition_scores.aspx?id=254,img_254_quakernaturalgranolaoatshoneyalmonds_cropped.png,45,0,1,0,117.9,106.94,127.68,58.46,68.19,67.0
254,Adult,58,http://cerealfacts.org/media/cereal_images/QuakerOatBranColdCereal.jpg,16%,11%,368,9,6,210,210,57,255,http://cerealfacts.org/cereal_nutrition_scores.aspx?id=255,img_255_quakeroatbrancoldcereal_cropped.png,83,0,1,0,66.18,76.16,158.47,57.41,60.69,75.17
255,Adult,70,http://cerealfacts.org/media/cereal_images/QuakerOatmealSquaresBrownSugar.jpg,16%,9%,339,9,5,190,210,56,256,http://cerealfacts.org/cereal_nutrition_scores.aspx?id=256,img_256_quakeroatmealsquaresbrownsugar_cropped.png,64,0,1,0,164.55,136.89,90.92,62.61,58.52,98.7
256,Adult,70,http://cerealfacts.org/media/cereal_images/QuakerOatmealSquaresCinnamon.jpg,16%,9%,339,9,5,190,210,56,257,http://cerealfacts.org/cereal_nutrition_scores.aspx?id=257,img_257_quakeroatmealsquarescinnamon_cropped.png,149,0,1,0,97.41,126.17,178.93,58.6,61.11,85.87
257,Adult,70,http://cerealfacts.org/media/cereal_images/QuakerOatmealSquaresGoldenMaple.jpg,16%,9%,339,9,5,190,210,56,258,http://cerealfacts.org/cereal_nutrition_scores.aspx?id=258,img_258_quakeroatmealsquaresgoldenmaple_cropped.png,255,0,1,0,91.22,121.25,167.26,65.59,61.71,74.12
258,Family,58,http://cerealfacts.org/media/cereal_images/QuakerLifeCrunchtimeStrawberry.jpg,19%,19%,281,6,6,90,110,32,259,http://cerealfacts.org/cereal_nutrition_scores.aspx?id=259,img_259_quakerlifecrunchtimestrawberry_cropped.png,232,1,1,0,158.91,175.17,203.98,90.9,73.27,47.04
259,Family,58,http://cerealfacts.org/media/cereal_images/QuakerLifeCrunchtimeAppleCinnamon.jpg,22%,19%,281,7,6,90,110,32,260,http://cerealfacts.org/cereal_nutrition_scores.aspx?id=260,img_260_quakerlifecrunchtimeapplecinnamon_cropped.png,146,1,1,0,88.67,104.01,126.5,51.3,39.4,38.09
