cf_index,cf_score,cf_target_market,cf_serving_size,cf_sugar_result,cf_fiber_result,cf_sodium_result,cf_sugar_per_serving,cf_fiber_per_serving,cf_sodium_per_serving,cf_calories_per_serving,has_white_bg,has_character,has_downward_gaze,greyscale_peak,b_mean,g_mean,r_mean,b_sd,g_sd,r_sd,most_frequent_colour,most_frequent_colour_count,most_dominant_colour,url,cover_image_url,fn,fn_cropped,company
1,50,Family,29,24%,3%,293,7,1,85,120,0,1,0,95,35.58,71.37,208.29,54.28,86.32,62.01,#e70000,256,white,http://cerealfacts.org/cereal_nutrition_scores.aspx?id=1,http://cerealfacts.org/media/cereal_images/AnniesFruityBunnies.jpg,img_001_anniesfruitybunnies.jpg,img_001_anniesfruitybunnies_cropped.png,Annie's
2,52,Family,29,24%,3%,310,7,1,90,110,0,1,0,115,53.31,107.21,195.62,46.53,48.07,54.99,#d8501e,256,brown,http://cerealfacts.org/cereal_nutrition_scores.aspx?id=2,http://cerealfacts.org/media/cereal_images/AnniesHoneyBunnies.jpg,img_002_annieshoneybunnies.jpg,img_002_annieshoneybunnies_cropped.png,Annie's
3,50,Family,29,24%,3%,293,7,1,85,120,0,1,0,114,65.4,123.12,191.4,52.63,60.91,40.15,#bd582a,256,brown,http://cerealfacts.org/cereal_nutrition_scores.aspx?id=3,http://cerealfacts.org/media/cereal_images/AnniesCinnamonRollBunnyOs.jpg,img_003_anniescinnamonrollbunnyos.jpg,img_003_anniescinnamonrollbunnyos_cropped.png,Annie's
4,64,Family,29,7%,3%,379,2,1,110,120,0,1,0,51,95.78,78.63,115.69,47.58,71.51,58.18,#581680,1272,brown,http://cerealfacts.org/cereal_nutrition_scores.aspx?id=4,http://cerealfacts.org/media/cereal_images/AnniesOrganicBunnyOs.jpg,img_004_anniesorganicbunnyos.jpg,img_004_anniesorganicbunnyos_cropped.png,Annie's
5,58,Family,30,23%,10%,267,7,3,80,120,0,1,0,171,108.41,153.04,186.66,48.37,51.09,53.44,#ffffff,681,grey,http://cerealfacts.org/cereal_nutrition_scores.aspx?id=5,http://cerealfacts.org/media/cereal_images/BarbarasBakeryPuffinsPuffsCrunchyCocoa.jpg,img_005_barbarasbakerypuffinspuffscrunchycocoa.jpg,img_005_barbarasbakerypuffinspuffscrunchycocoa_cropped.png,Barbara's Bakery
6,54,Family,30,23%,3%,267,7,1,80,120,0,1,0,182,128.18,163.73,198.0,50.96,58.7,55.28,#ffffff,672,grey,http://cerealfacts.org/cereal_nutrition_scores.aspx?id=6,http://cerealfacts.org/media/cereal_images/BarbarasBakeryPuffinsPuffsFruitMedley.jpg,img_006_barbarasbakerypuffinspuffsfruitmedley.jpg,img_006_barbarasbakerypuffinspuffsfruitmedley_cropped.png,Barbara's Bakery
7,56,Family,30,20%,20%,500,6,6,150,90,0,1,0,167,103.42,143.66,183.07,48.73,49.13,49.88,#c8ac87,256,grey,http://cerealfacts.org/cereal_nutrition_scores.aspx?id=7,http://cerealfacts.org/media/cereal_images/BarbarasBakeryPuffinsCinnamon.jpg,img_007_barbarasbakerypuffinscinnamon.jpg,img_007_barbarasbakerypuffinscinnamon_cropped.png,Barbara's Bakery
8,68,Family,30,20%,10%,267,6,3,80,120,0,1,0,167,113.46,141.63,175.29,45.86,52.41,50.26,#bc9e78,256,grey,http://cerealfacts.org/cereal_nutrition_scores.aspx?id=8,http://cerealfacts.org/media/cereal_images/BarbarasBakeryPuffinsHoneyRice.jpg,img_008_barbarasbakerypuffinshoneyrice.jpg,img_008_barbarasbakerypuffinshoneyrice_cropped.png,Barbara's Bakery
9,46,Family,30,20%,7%,767,6,2,230,110,0,1,0,167,104.14,137.38,174.56,47.57,55.44,55.31,#c5a781,690,grey,http://cerealfacts.org/cereal_nutrition_scores.aspx?id=9,http://cerealfacts.org/media/cereal_images/BarbarasBakeryPuffinsPeanutButter.jpg,img_009_barbarasbakerypuffinspeanutbutter.jpg,img_009_barbarasbakerypuffinspeanutbutter_cropped.png,Barbara's Bakery
10,50,Family,27,19%,19%,704,5,5,190,90,0,1,0,167,123.32,152.62,183.37,49.18,50.39,50.71,#c0a381,82,grey,http://cerealfacts.org/cereal_nutrition_scores.aspx?id=10,http://cerealfacts.org/media/cereal_images/BarbarasBakeryPuffinsOriginal.jpg,img_010_barbarasbakerypuffinsoriginal.jpg,img_010_barbarasbakerypuffinsoriginal_cropped.png,Barbara's Bakery
11,58,Family,30,20%,10%,350,6,3,105,110,0,1,0,166,104.39,126.97,153.66,47.02,57.5,65.18,#bea179,256,violet,http://cerealfacts.org/cereal_nutrition_scores.aspx?id=11,http://cerealfacts.org/media/cereal_images/BarbarasBakeryPuffinsPeanutButterChocolate.jpg,img_011_barbarasbakerypuffinspeanutbutterchocolate.jpg,img_011_barbarasbakerypuffinspeanutbutterchocolate_cropped.png,Barbara's Bakery
12,68,Family,30,20%,10%,267,6,3,80,110,0,1,0,167,114.78,142.95,169.57,45.86,51.42,58.09,#c4a785,251,grey,http://cerealfacts.org/cereal_nutrition_scores.aspx?id=12,http://cerealfacts.org/media/cereal_images/BarbarasBakeryPuffinsMultigrain.jpg,img_012_barbarasbakerypuffinsmultigrain.jpg,img_012_barbarasbakerypuffinsmultigrain_cropped.png,Barbara's Bakery
13,50,Family,55,27%,7%,400,15,4,220,230,0,0,0,167,106.66,139.23,176.67,47.94,52.63,50.59,#c3a57f,768,grey,http://cerealfacts.org/cereal_nutrition_scores.aspx?id=13,http://cerealfacts.org/media/cereal_images/BarbarasBakeryShreddedOatsCinnamonCrunch.jpg,img_013_barbarasbakeryshreddedoatscinnamoncrunch.jpg,img_013_barbarasbakeryshreddedoatscinnamoncrunch_cropped.png,Barbara's Bakery
14,52,Adult,55,27%,7%,382,15,4,210,220,0,0,0,167,115.36,148.33,179.65,48.05,46.47,44.93,#9a8d84,217,grey,http://cerealfacts.org/cereal_nutrition_scores.aspx?id=14,http://cerealfacts.org/media/cereal_images/BarbarasBakeryShreddedOatsVanillaAlmond.jpg,img_014_barbarasbakeryshreddedoatsvanillaalmond.jpg,img_014_barbarasbakeryshreddedoatsvanillaalmond_cropped.png,Barbara's Bakery
15,56,Adult,58,21%,9%,448,12,5,260,220,0,0,0,167,125.97,150.84,178.51,41.94,48.3,52.71,#d4bca0,149,grey,http://cerealfacts.org/cereal_nutrition_scores.aspx?id=15,http://cerealfacts.org/media/cereal_images/BarbarasBakeryShreddedOatsOriginal.jpg,img_015_barbarasbakeryshreddedoatsoriginal.jpg,img_015_barbarasbakeryshreddedoatsoriginal_cropped.png,Barbara's Bakery
16,54,Adult,32,16%,12%,625,5,4,200,120,0,0,0,121,106.6,121.79,128.66,42.36,42.75,41.94,#d1e7f2,512,grey,http://cerealfacts.org/cereal_nutrition_scores.aspx?id=16,http://cerealfacts.org/media/cereal_images/BarbarasBakeryShreddedSpoonfulsMultigrain.jpg,img_016_barbarasbakeryshreddedspoonfulsmultigrain.jpg,img_016_barbarasbakeryshreddedspoonfulsmultigrain_cropped.png,Barbara's Bakery
17,82,Adult,40,0%,12%,0,0,5,0,140,0,0,0,177,109.35,132.46,169.86,58.29,63.13,63.88,#c0a890,255,grey,http://cerealfacts.org/cereal_nutrition_scores.aspx?id=17,http://cerealfacts.org/media/cereal_images/BarbarasBakeryShreddedWheat.jpg,img_017_barbarasbakeryshreddedwheat.jpg,img_017_barbarasbakeryshreddedwheat_cropped.png,Barbara's Bakery
18,58,Adult,55,25%,7%,255,14,4,140,220,0,0,0,167,117.24,144.13,175.84,46.92,51.81,50.07,#c0a381,81,grey,http://cerealfacts.org/cereal_nutrition_scores.aspx?id=18,http://cerealfacts.org/media/cereal_images/BarbarasBakeryShreddedMinisBlueberryBurst.jpg,img_018_barbarasbakeryshreddedminisblueberryburst.jpg,img_018_barbarasbakeryshreddedminisblueberryburst_cropped.png,Barbara's Bakery
19,70,Adult,55,20%,18%,255,11,10,140,190,0,0,0,167,107.3,138.13,174.5,48.61,53.29,49.01,#c5a783,238,grey,http://cerealfacts.org/cereal_nutrition_scores.aspx?id=19,http://cerealfacts.org/media/cereal_images/BarbarasBakeryUltimaOrganicCranberry.jpg,img_019_barbarasbakeryultimaorganiccranberry.jpg,img_019_barbarasbakeryultimaorganiccranberry_cropped.png,Barbara's Bakery
20,72,Adult,55,16%,18%,255,9,10,140,200,0,0,0,167,125.19,155.95,184.23,43.54,44.45,44.97,#d4bca0,130,grey,http://cerealfacts.org/cereal_nutrition_scores.aspx?id=20,http://cerealfacts.org/media/cereal_images/BarbarasBakeryUltimaOrganicFlaxGranola.jpg,img_020_barbarasbakeryultimaorganicflaxgranola.jpg,img_020_barbarasbakeryultimaorganicflaxgranola_cropped.png,Barbara's Bakery
21,72,Adult,55,15%,25%,255,8,14,140,180,0,0,0,167,113.38,141.59,173.19,42.95,45.3,50.28,#c3a581,238,grey,http://cerealfacts.org/cereal_nutrition_scores.aspx?id=21,http://cerealfacts.org/media/cereal_images/BarbarasBakeryUltimaOrganicHighFiberOriginal.jpg,img_021_barbarasbakeryultimaorganichighfiberoriginal.jpg,img_021_barbarasbakeryultimaorganichighfiberoriginal_cropped.png,Barbara's Bakery
22,54,Adult,30,33%,7%,267,10,2,80,120,0,0,0,170,96.77,141.36,183.86,49.33,54.83,45.6,#d3bdb0,241,grey,http://cerealfacts.org/cereal_nutrition_scores.aspx?id=22,http://cerealfacts.org/media/cereal_images/BarbarasBakeryHoleNOatsHoneyNut.jpg,img_022_barbarasbakeryholenoatshoneynut.jpg,img_022_barbarasbakeryholenoatshoneynut_cropped.png,Barbara's Bakery
23,78,Adult,30,3%,10%,267,1,3,80,120,0,0,0,167,114.79,156.59,198.7,44.07,46.91,45.25,#c5a781,240,grey,http://cerealfacts.org/cereal_nutrition_scores.aspx?id=23,http://cerealfacts.org/media/cereal_images/BarbarasBakeryHoleNOatsFruitJuiceSweetened.jpg,img_023_barbarasbakeryholenoatsfruitjuicesweetened.jpg,img_023_barbarasbakeryholenoatsfruitjuicesweetened_cropped.png,Barbara's Bakery
24,68,Adult,30,10%,3%,267,3,1,80,110,0,0,0,167,121.41,163.36,196.64,43.19,46.31,46.67,#c1a381,80,grey,http://cerealfacts.org/cereal_nutrition_scores.aspx?id=24,http://cerealfacts.org/media/cereal_images/BarbarasBakeryCornFlakes.jpg,img_024_barbarasbakerycornflakes.jpg,img_024_barbarasbakerycornflakes_cropped.png,Barbara's Bakery
25,70,Adult,30,3%,3%,317,1,1,95,120,0,0,0,167,110.04,141.32,176.9,45.31,53.04,52.15,#c1a381,64,grey,http://cerealfacts.org/cereal_nutrition_scores.aspx?id=25,http://cerealfacts.org/media/cereal_images/BarbarasBakeryBrownRiceCrisps.jpg,img_025_barbarasbakerybrownricecrisps.jpg,img_025_barbarasbakerybrownricecrisps_cropped.png,Barbara's Bakery
26,50,Family,27,30%,11%,389,8,3,105,110,1,0,0,255,166.53,193.34,210.86,80.12,55.24,51.5,#ffffff,33899,white,http://cerealfacts.org/cereal_nutrition_scores.aspx?id=26,http://cerealfacts.org/media/cereal_images/CFCinnamonCrunch.jpg,img_026_cfcinnamoncrunch.jpg,img_026_cfcinnamoncrunch_cropped.png,Cascadian Farms
27,52,Child,30,27%,10%,533,8,3,160,110,1,1,1,236,147.06,164.24,197.1,83.61,70.59,58.11,#fd3e24,256,white,http://cerealfacts.org/cereal_nutrition_scores.aspx?id=27,http://cerealfacts.org/media/cereal_images/CFCliffordCrunch.jpg,img_027_cfcliffordcrunch.jpg,img_027_cfcliffordcrunch_cropped.png,Cascadian Farms
28,50,Adult,55,29%,5%,364,16,3,200,210,0,0,0,246,115.05,163.11,183.51,75.1,66.42,71.96,#ffffff,39012,white,http://cerealfacts.org/cereal_nutrition_scores.aspx?id=28,http://cerealfacts.org/media/cereal_images/CFGranolaCinnamonRaisin.jpg,img_028_cfgranolacinnamonraisin.jpg,img_028_cfgranolacinnamonraisin_cropped.png,Cascadian Farms
29,54,Adult,52,27%,6%,183,14,3,95,210,1,0,0,255,161.85,187.4,199.62,85.6,67.48,60.23,#fcfcfc,214,white,http://cerealfacts.org/cereal_nutrition_scores.aspx?id=29,http://cerealfacts.org/media/cereal_images/CFGranolaFruitNut.jpg,img_029_cfgranolafruitnut.jpg,img_029_cfgranolafruitnut_cropped.png,Cascadian Farms
30,54,Adult,55,25%,5%,291,14,3,160,220,1,0,0,222,159.29,178.52,185.9,73.98,52.57,41.31,#d9dde0,311,white,http://cerealfacts.org/cereal_nutrition_scores.aspx?id=30,http://cerealfacts.org/media/cereal_images/CFGranolaMapleBrownSugar.jpg,img_030_cfgranolamaplebrownsugar.jpg,img_030_cfgranolamaplebrownsugar_cropped.png,Cascadian Farms
31,54,Adult,55,24%,5%,218,13,3,120,230,1,0,0,194,97.97,135.67,153.93,73.03,62.19,55.89,#c7c0b8,180,white,http://cerealfacts.org/cereal_nutrition_scores.aspx?id=31,http://cerealfacts.org/media/cereal_images/CFGranolaOatsHoney.jpg,img_031_cfgranolaoatshoney.jpg,img_031_cfgranolaoatshoney_cropped.png,Cascadian Farms
32,56,Adult,50,26%,6%,170,13,3,85,210,1,0,0,237,173.18,186.11,193.86,66.91,57.17,52.46,#cccdc8,237,white,http://cerealfacts.org/cereal_nutrition_scores.aspx?id=32,http://cerealfacts.org/media/cereal_images/CFGranolaFrenchVanillaAlmond.jpg,img_032_cfgranolafrenchvanillaalmond.jpg,img_032_cfgranolafrenchvanillaalmond_cropped.png,Cascadian Farms
33,52,Adult,52,27%,8%,308,14,4,160,210,1,0,0,240,159.69,186.05,194.45,74.57,57.17,48.25,#e9eae2,186,white,http://cerealfacts.org/cereal_nutrition_scores.aspx?id=33,http://cerealfacts.org/media/cereal_images/CFGranolaDarkChocolateAlmond.jpg,img_033_cfgranoladarkchocolatealmond.jpg,img_033_cfgranoladarkchocolatealmond_cropped.png,Cascadian Farms
34,48,Adult,55,20%,15%,655,11,8,360,200,1,0,0,218,154.74,171.48,177.42,71.24,55.24,44.43,#d5dde0,461,white,http://cerealfacts.org/cereal_nutrition_scores.aspx?id=34,http://cerealfacts.org/media/cereal_images/CFHeartyMorning.jpg,img_034_cfheartymorning.jpg,img_034_cfheartymorning_cropped.png,Cascadian Farms
35,50,Family,30,23%,10%,567,7,3,170,110,1,0,0,255,178.13,202.13,217.36,83.34,61.32,54.28,#f6f6f6,199,white,http://cerealfacts.org/cereal_nutrition_scores.aspx?id=35,http://cerealfacts.org/media/cereal_images/CFHoneyNutOs.jpg,img_035_cfhoneynutos.jpg,img_035_cfhoneynutos_cropped.png,Cascadian Farms
36,70,Adult,30,13%,7%,383,4,2,115,110,1,0,0,225,141.27,161.36,177.69,81.13,66.0,49.37,#d2d2d4,974,white,http://cerealfacts.org/cereal_nutrition_scores.aspx?id=36,http://cerealfacts.org/media/cereal_images/CFMultigrainSquares.jpg,img_036_cfmultigrainsquares.jpg,img_036_cfmultigrainsquares_cropped.png,Cascadian Farms
37,58,Family,30,3%,10%,633,1,3,190,110,1,0,0,222,163.57,189.09,189.71,71.46,41.64,38.51,#d9e2e1,280,white,http://cerealfacts.org/cereal_nutrition_scores.aspx?id=37,http://cerealfacts.org/media/cereal_images/CFPurelyOs.jpg,img_037_cfpurelyos.jpg,img_037_cfpurelyos_cropped.png,Cascadian Farms
38,50,Adult,55,25%,11%,618,14,6,340,180,1,0,0,255,173.12,196.69,208.89,86.19,70.9,59.88,#fefefc,507,white,http://cerealfacts.org/cereal_nutrition_scores.aspx?id=38,http://cerealfacts.org/media/cereal_images/CFRaisinBran.jpg,img_038_cfraisinbran.jpg,img_038_cfraisinbran_cropped.png,Cascadian Farms
39,54,Family,28,29%,11%,339,8,3,95,100,1,0,0,255,162.25,175.33,205.86,90.87,81.5,60.83,#fafafa,512,white,http://cerealfacts.org/cereal_nutrition_scores.aspx?id=39,http://cerealfacts.org/media/cereal_images/CFChocolateOs.jpg,img_039_cfchocolateos.jpg,img_039_cfchocolateos_cropped.png,Cascadian Farms
40,50,Family,28,29%,11%,464,8,3,130,100,1,1,1,233,160.63,191.58,208.07,82.56,46.13,43.41,#e3f2f9,1024,white,http://cerealfacts.org/cereal_nutrition_scores.aspx?id=40,http://cerealfacts.org/media/cereal_images/CFFruitfulOs.jpg,img_040_cffruitfulos.jpg,img_040_cffruitfulos_cropped.png,Cascadian Farms
41,50,Adult,55,24%,7%,509,13,4,280,200,1,0,0,247,141.9,170.34,179.77,93.15,71.73,74.39,#ffffff,744,white,http://cerealfacts.org/cereal_nutrition_scores.aspx?id=41,http://cerealfacts.org/media/cereal_images/GMBasic4.jpg,img_041_gmbasic4.jpg,img_041_gmbasic4_cropped.png,General Mills
42,44,Family,33,30%,3%,576,10,1,190,130,0,1,0,58,178.99,144.84,106.0,70.2,80.42,90.85,#ffffff,363,white,http://cerealfacts.org/cereal_nutrition_scores.aspx?id=42,http://cerealfacts.org/media/cereal_images/GMBooBerry.jpg,img_042_gmbooberry.jpg,img_042_gmbooberry_cropped.png,General Mills
43,50,Family,30,33%,7%,383,10,2,115,120,0,0,0,89,101.08,158.23,107.78,56.01,44.36,81.85,#018c49,479,grey,http://cerealfacts.org/cereal_nutrition_scores.aspx?id=43,http://cerealfacts.org/media/cereal_images/GMCheeriosAppleCinnamon.jpg,img_043_gmcheeriosapplecinnamon.jpg,img_043_gmcheeriosapplecinnamon_cropped.png,General Mills
44,46,Family,28,32%,7%,571,9,2,160,100,0,0,0,238,142.07,196.04,203.38,55.21,58.54,76.42,#fff0ab,161,white,http://cerealfacts.org/cereal_nutrition_scores.aspx?id=44,http://cerealfacts.org/media/cereal_images/GMCheeriosBananaNut.jpg,img_044_gmcheeriosbanananut.jpg,img_044_gmcheeriosbanananut_cropped.png,General Mills
45,46,Child,28,32%,7%,571,9,2,160,110,0,1,1,60,74.38,131.48,195.93,61.83,91.27,61.87,#8d1c14,1890,yellow,http://cerealfacts.org/cereal_nutrition_scores.aspx?id=45,http://cerealfacts.org/media/cereal_images/GMCheeriosHoneyNut.jpg,img_045_gmcheerioshoneynut.jpg,img_045_gmcheerioshoneynut_cropped.png,General Mills
46,46,Family,28,32%,7%,607,9,2,170,110,0,0,0,36,151.72,122.52,103.23,68.47,69.49,77.91,#091f84,256,white,http://cerealfacts.org/cereal_nutrition_scores.aspx?id=46,http://cerealfacts.org/media/cereal_images/GMCheeriosFrosted.jpg,img_046_gmcheeriosfrosted.jpg,img_046_gmcheeriosfrosted_cropped.png,General Mills
47,48,Family,27,33%,7%,500,9,2,135,100,0,0,0,72,74.49,97.07,211.48,73.57,87.05,40.95,#e90000,177,red,http://cerealfacts.org/cereal_nutrition_scores.aspx?id=47,http://cerealfacts.org/media/cereal_images/GMCheeriosFruity.jpg,img_047_gmcheeriosfruity.jpg,img_047_gmcheeriosfruity_cropped.png,General Mills
48,56,Family,29,21%,10%,414,6,3,120,110,1,0,0,222,150.41,145.05,162.41,67.08,66.02,53.02,#d5d3d4,134,white,http://cerealfacts.org/cereal_nutrition_scores.aspx?id=48,http://cerealfacts.org/media/cereal_images/GMCheeriosMultigrain.jpg,img_048_gmcheeriosmultigrain.jpg,img_048_gmcheeriosmultigrain_cropped.png,General Mills
49,50,Family,27,30%,7%,500,8,2,135,100,0,0,0,58,156.03,130.13,105.58,64.58,77.24,96.05,#352178,394,grey,http://cerealfacts.org/cereal_nutrition_scores.aspx?id=49,http://cerealfacts.org/media/cereal_images/GMCheeriosOatClusterCrunch.jpg,img_049_gmcheeriosoatclustercrunch.jpg,img_049_gmcheeriosoatclustercrunch_cropped.png,General Mills
50,70,Family,28,4%,11%,571,1,3,160,100,0,0,0,179,66.45,152.85,194.14,57.57,64.14,64.29,#ebca23,244,white,http://cerealfacts.org/cereal_nutrition_scores.aspx?id=50,http://cerealfacts.org/media/cereal_images/GMCheeriosRegular.jpg,img_050_gmcheeriosregular.jpg,img_050_gmcheeriosregular_cropped.png,General Mills
51,46,Family,30,30%,7%,600,9,2,180,120,1,0,0,231,167.29,160.51,171.94,59.93,59.74,57.01,#dfdde0,234,white,http://cerealfacts.org/cereal_nutrition_scores.aspx?id=51,http://cerealfacts.org/media/cereal_images/GMCheeriosYogurtBurstStrawberry.jpg,img_051_gmcheeriosyogurtburststrawberry.jpg,img_051_gmcheeriosyogurtburststrawberry_cropped.png,General Mills
52,48,Family,28,32%,7%,464,9,2,130,110,0,0,0,255,155.15,168.52,187.65,77.09,75.89,76.26,#fefffa,512,white,http://cerealfacts.org/cereal_nutrition_scores.aspx?id=52,http://cerealfacts.org/media/cereal_images/GMCheeriosMultigrainPeanutButter.jpg,img_052_gmcheeriosmultigrainpeanutbutter.jpg,img_052_gmcheeriosmultigrainpeanutbutter_cropped.png,General Mills
53,52,Family,32,28%,16%,391,9,5,125,110,0,0,0,208,100.67,142.26,169.77,65.32,61.54,61.73,#d6d1b4,204,violet,http://cerealfacts.org/cereal_nutrition_scores.aspx?id=53,http://cerealfacts.org/media/cereal_images/GMCheeriosCinnamonBurst.jpg,img_053_gmcheerioscinnamonburst.jpg,img_053_gmcheerioscinnamonburst_cropped.png,General Mills
54,46,Family,27,33%,7%,630,9,2,170,100,0,0,0,108,89.2,101.13,125.36,71.23,69.01,69.8,#3e1d18,254,brown,http://cerealfacts.org/cereal_nutrition_scores.aspx?id=54,http://cerealfacts.org/media/cereal_images/GMCheeriosChocolate.jpg,img_054_gmcheerioschocolate.jpg,img_054_gmcheerioschocolate_cropped.png,General Mills
55,46,Family,27,33%,7%,630,9,2,170,100,0,0,0,71,80.67,95.16,135.4,77.2,70.76,66.32,#fefefe,256,brown,http://cerealfacts.org/cereal_nutrition_scores.aspx?id=55,http://cerealfacts.org/media/cereal_images/GMChexChocolate.jpg,img_055_gmchexchocolate.jpg,img_055_gmchexchocolate_cropped.png,General Mills
56,46,Family,30,27%,3%,600,8,1,180,120,0,0,0,254,137.95,146.2,181.71,80.59,72.94,60.61,#e3e5e4,256,white,http://cerealfacts.org/cereal_nutrition_scores.aspx?id=56,http://cerealfacts.org/media/cereal_images/GMChexCinnamon.jpg,img_056_gmchexcinnamon.jpg,img_056_gmchexcinnamon_cropped.png,General Mills
57,52,Family,31,10%,6%,774,3,2,240,120,0,0,0,253,142.6,175.15,180.65,86.37,74.14,73.6,#ffffff,1724,white,http://cerealfacts.org/cereal_nutrition_scores.aspx?id=57,http://cerealfacts.org/media/cereal_images/GMChexCorn.jpg,img_057_gmchexcorn.jpg,img_057_gmchexcorn_cropped.png,General Mills
58,44,Family,32,28%,3%,625,9,1,200,120,0,0,0,71,85.02,107.23,173.89,79.71,74.51,63.78,#ffffff,30338,white,http://cerealfacts.org/cereal_nutrition_scores.aspx?id=58,http://cerealfacts.org/media/cereal_images/GMChexHoneyNut.jpg,img_058_gmchexhoneynut.jpg,img_058_gmchexhoneynut_cropped.png,General Mills
59,52,Family,47,21%,13%,574,10,6,270,160,0,0,0,228,125.34,136.05,178.22,79.23,70.45,54.91,#ba0001,238,white,http://cerealfacts.org/cereal_nutrition_scores.aspx?id=59,http://cerealfacts.org/media/cereal_images/GMChexMultiBran.jpg,img_059_gmchexmultibran.jpg,img_059_gmchexmultibran_cropped.png,General Mills
60,50,Family,27,7%,4%,889,2,1,240,100,0,0,0,253,180.49,169.75,163.37,80.69,78.08,87.93,#ffffff,7727,white,http://cerealfacts.org/cereal_nutrition_scores.aspx?id=60,http://cerealfacts.org/media/cereal_images/GMChexRice.jpg,img_060_gmchexrice.jpg,img_060_gmchexrice_cropped.png,General Mills
61,56,Family,47,11%,13%,574,5,6,270,160,0,0,0,239,151.13,172.51,202.47,73.55,57.98,51.81,#ebece7,204,white,http://cerealfacts.org/cereal_nutrition_scores.aspx?id=61,http://cerealfacts.org/media/cereal_images/GMChexWheat.jpg,img_061_gmchexwheat.jpg,img_061_gmchexwheat_cropped.png,General Mills
62,40,Child,31,32%,6%,710,10,2,220,130,1,1,0,212,131.5,154.41,187.08,78.02,60.17,59.77,#dbd0e0,152,white,http://cerealfacts.org/cereal_nutrition_scores.aspx?id=62,http://cerealfacts.org/media/cereal_images/GMCinnamonToastCrunchRegular.jpg,img_062_gmcinnamontoastcrunchregular.jpg,img_062_gmcinnamontoastcrunchregular_cropped.png,General Mills
63,42,Child,30,30%,3%,567,9,1,170,120,0,0,0,86,96.25,92.12,180.49,58.65,79.81,68.94,#e80c4c,159,brown,http://cerealfacts.org/cereal_nutrition_scores.aspx?id=63,http://cerealfacts.org/media/cereal_images/GMFrenchToastCrunch.jpg,img_063_gmfrenchtoastcrunch.jpg,img_063_gmfrenchtoastcrunch_cropped.png,General Mills
64,46,Child,27,33%,7%,481,9,2,130,110,0,1,1,48,61.53,94.2,127.57,62.53,61.87,65.9,#2b1809,512,black,http://cerealfacts.org/cereal_nutrition_scores.aspx?id=64,http://cerealfacts.org/media/cereal_images/GMCocoaPuffsBrownieCrunch.jpg,img_064_gmcocoapuffsbrowniecrunch.jpg,img_064_gmcocoapuffsbrowniecrunch_cropped.png,General Mills
65,44,Child,27,37%,7%,556,10,2,150,100,0,1,1,28,92.41,90.58,133.79,93.01,95.59,86.56,#ffffff,4123,black,http://cerealfacts.org/cereal_nutrition_scores.aspx?id=65,http://cerealfacts.org/media/cereal_images/GMCocoaPuffsRegular.jpg,img_065_gmcocoapuffsregular.jpg,img_065_gmcocoapuffsregular_cropped.png,General Mills
66,46,Child,26,35%,4%,462,9,1,120,100,0,1,1,98,146.06,126.02,115.84,70.26,69.16,74.82,#e9ebe8,238,white,http://cerealfacts.org/cereal_nutrition_scores.aspx?id=66,http://cerealfacts.org/media/cereal_images/GMCookieCrispRegular.jpg,img_066_gmcookiecrispregular.jpg,img_066_gmcookiecrispregular_cropped.png,General Mills
67,48,Child,27,33%,4%,444,9,1,120,100,0,1,1,254,148.98,163.57,181.52,89.79,87.59,75.67,#fffdfe,512,white,http://cerealfacts.org/cereal_nutrition_scores.aspx?id=67,http://cerealfacts.org/media/cereal_images/GMCookieCrispSprinkles.jpg,img_067_gmcookiecrispsprinkles.jpg,img_067_gmcookiecrispsprinkles_cropped.png,General Mills
68,42,Family,27,37%,4%,593,10,1,160,100,0,1,0,185,44.91,95.36,151.05,50.43,70.06,63.54,#a84e12,222,brown,http://cerealfacts.org/cereal_nutrition_scores.aspx?id=68,http://cerealfacts.org/media/cereal_images/GMCountChocula.jpg,img_068_gmcountchocula.jpg,img_068_gmcountchocula_cropped.png,General Mills
69,54,Adult,49,20%,10%,490,10,5,240,170,1,0,0,242,183.46,170.34,174.43,62.16,74.2,73.27,#f1f3f2,512,white,http://cerealfacts.org/cereal_nutrition_scores.aspx?id=69,http://cerealfacts.org/media/cereal_images/GMCurvesFruitNutCrunch.jpg,img_069_gmcurvesfruitnutcrunch.jpg,img_069_gmcurvesfruitnutcrunch_cropped.png,General Mills
70,54,Adult,53,17%,9%,547,9,5,290,190,1,0,0,255,173.64,173.81,198.76,75.75,80.17,66.99,#e6e6e4,251,white,http://cerealfacts.org/cereal_nutrition_scores.aspx?id=70,http://cerealfacts.org/media/cereal_images/GMCurvesHoneyCrunch.jpg,img_070_gmcurveshoneycrunch.jpg,img_070_gmcurveshoneycrunch_cropped.png,General Mills
71,52,Adult,27,15%,7%,667,4,2,180,100,1,0,0,245,162.21,179.8,176.11,79.06,74.53,73.43,#fafafa,256,white,http://cerealfacts.org/cereal_nutrition_scores.aspx?id=71,http://cerealfacts.org/media/cereal_images/GMCurvesWholeGrainCrunch.jpg,img_071_gmcurveswholegraincrunch.jpg,img_071_gmcurveswholegraincrunch_cropped.png,General Mills
72,52,Child,27,22%,11%,556,6,3,150,100,0,1,0,51,111.05,133.99,154.75,75.38,66.81,88.71,#9fd9f1,256,orange,http://cerealfacts.org/cereal_nutrition_scores.aspx?id=72,http://cerealfacts.org/media/cereal_images/GMDoraTheExplorer.jpg,img_072_gmdoratheexplorer.jpg,img_072_gmdoratheexplorer_cropped.png,General Mills
73,54,Adult,50,20%,18%,460,10,9,230,180,0,0,0,239,130.09,161.79,191.24,77.5,67.93,68.43,#fef8e0,458,white,http://cerealfacts.org/cereal_nutrition_scores.aspx?id=73,http://cerealfacts.org/media/cereal_images/GMFiberOneCaramelDelight.jpg,img_073_gmfiberonecarameldelight.jpg,img_073_gmfiberonecarameldelight_cropped.png,General Mills
74,74,Adult,60,20%,15%,0,12,9,0,200,0,0,0,232,148.66,153.43,161.58,76.1,75.12,85.15,#f8e7cd,256,white,http://cerealfacts.org/cereal_nutrition_scores.aspx?id=74,http://cerealfacts.org/media/cereal_images/GMFiberOneFrostedShreddedWheat.jpg,img_074_gmfiberonefrostedshreddedwheat.jpg,img_074_gmfiberonefrostedshreddedwheat_cropped.png,General Mills
75,68,Adult,52,12%,25%,442,6,13,230,160,0,0,0,239,140.98,181.25,200.64,74.72,62.12,71.61,#fef8e0,393,white,http://cerealfacts.org/cereal_nutrition_scores.aspx?id=75,http://cerealfacts.org/media/cereal_images/GMFiberOneHoneyClusters.jpg,img_075_gmfiberonehoneyclusters.jpg,img_075_gmfiberonehoneyclusters_cropped.png,General Mills
76,78,Adult,30,0%,47%,350,0,14,105,60,0,0,0,243,134.95,170.98,192.12,79.23,69.5,77.5,#fff8ca,34,white,http://cerealfacts.org/cereal_nutrition_scores.aspx?id=76,http://cerealfacts.org/media/cereal_images/GMFiberOneOriginalBran.jpg,img_076_gmfiberoneoriginalbran.jpg,img_076_gmfiberoneoriginalbran_cropped.png,General Mills
77,56,Adult,55,25%,20%,382,14,11,210,170,0,0,0,240,152.8,156.99,187.29,61.63,72.42,73.81,#ae3578,168,white,http://cerealfacts.org/cereal_nutrition_scores.aspx?id=77,http://cerealfacts.org/media/cereal_images/GMFiberOneRaisinBranClusters.jpg,img_077_gmfiberoneraisinbranclusters.jpg,img_077_gmfiberoneraisinbranclusters_cropped.png,General Mills
78,64,Adult,30,10%,33%,467,3,10,140,80,0,0,0,230,165.74,174.29,193.14,85.97,68.49,66.32,#ffffff,34180,white,http://cerealfacts.org/cereal_nutrition_scores.aspx?id=78,http://cerealfacts.org/media/cereal_images/GMFiberOne80CaloriesHoneySquares.jpg,img_078_gmfiberone80calorieshoneysquares.jpg,img_078_gmfiberone80calorieshoneysquares_cropped.png,General Mills
79,44,Family,33,30%,3%,576,10,1,190,130,0,1,1,50,126.45,78.19,158.14,62.6,70.2,78.48,#7d005c,2214,violet,http://cerealfacts.org/cereal_nutrition_scores.aspx?id=79,http://cerealfacts.org/media/cereal_images/GMFrankenBerry.jpg,img_079_gmfrankenberry.jpg,img_079_gmfrankenberry_cropped.png,General Mills
80,42,Family,31,32%,6%,774,10,2,240,120,0,0,0,203,122.82,185.44,207.49,93.48,64.87,77.26,#ffffff,346,orange,http://cerealfacts.org/cereal_nutrition_scores.aspx?id=80,http://cerealfacts.org/media/cereal_images/GMGoldenGrahams.jpg,img_080_gmgoldengrahams.jpg,img_080_gmgoldengrahams_cropped.png,General Mills
81,52,Adult,57,25%,7%,509,14,4,290,210,0,1,0,194,111.54,166.79,179.0,82.62,64.04,77.08,#eecf02,256,orange,http://cerealfacts.org/cereal_nutrition_scores.aspx?id=81,http://cerealfacts.org/media/cereal_images/GMHoneyNutClusters.jpg,img_081_gmhoneynutclusters.jpg,img_081_gmhoneynutclusters_cropped.png,General Mills
82,54,Family,33,21%,6%,515,7,2,170,120,0,0,0,73,124.89,90.67,153.77,58.94,79.31,58.63,#ffffff,3541,brown,http://cerealfacts.org/cereal_nutrition_scores.aspx?id=82,http://cerealfacts.org/media/cereal_images/GMKixBerryBerry.jpg,img_082_gmkixberryberry.jpg,img_082_gmkixberryberry_cropped.png,General Mills
83,52,Family,33,18%,9%,576,6,3,190,120,0,0,0,254,115.99,126.65,168.87,89.44,82.21,92.57,#0515ca,124,white,http://cerealfacts.org/cereal_nutrition_scores.aspx?id=83,http://cerealfacts.org/media/cereal_images/GMKixHoney.jpg,img_083_gmkixhoney.jpg,img_083_gmkixhoney_cropped.png,General Mills
84,56,Family,30,10%,10%,600,3,3,180,110,0,0,0,158,74.01,115.76,182.53,77.36,63.92,86.51,#ff7800,76,white,http://cerealfacts.org/cereal_nutrition_scores.aspx?id=84,http://cerealfacts.org/media/cereal_images/GMKixRegular.jpg,img_084_gmkixregular.jpg,img_084_gmkixregular_cropped.png,General Mills
85,42,Child,27,37%,7%,630,10,2,170,110,0,1,1,75,67.79,110.41,192.49,62.53,84.05,68.91,#f20018,373,white,http://cerealfacts.org/cereal_nutrition_scores.aspx?id=85,http://cerealfacts.org/media/cereal_images/GMLuckyCharmsRegular.jpg,img_085_gmluckycharmsregular.jpg,img_085_gmluckycharmsregular_cropped.png,General Mills
86,42,Child,28,36%,4%,571,10,1,160,110,0,1,1,254,110.42,146.41,168.94,71.24,82.16,73.78,#4e2428,79,white,http://cerealfacts.org/cereal_nutrition_scores.aspx?id=86,http://cerealfacts.org/media/cereal_images/GMLuckyCharmsChocolate.jpg,img_086_gmluckycharmschocolate.jpg,img_086_gmluckycharmschocolate_cropped.png,General Mills
87,58,Adult,60,27%,8%,208,16,5,125,230,0,0,0,221,133.71,148.48,197.68,74.59,79.23,42.42,#dadbd5,512,white,http://cerealfacts.org/cereal_nutrition_scores.aspx?id=87,http://cerealfacts.org/media/cereal_images/GMOatmealCrispCrunchyAlmond.jpg,img_087_gmoatmealcrispcrunchyalmond.jpg,img_087_gmoatmealcrispcrunchyalmond_cropped.png,General Mills
88,56,Adult,62,31%,8%,194,19,5,120,230,0,0,0,59,112.53,106.19,159.94,80.0,74.56,53.6,#dcd8cf,82,white,http://cerealfacts.org/cereal_nutrition_scores.aspx?id=88,http://cerealfacts.org/media/cereal_images/GMOatmealCrispHeartyRaisin.jpg,img_088_gmoatmealcrispheartyraisin.jpg,img_088_gmoatmealcrispheartyraisin_cropped.png,General Mills
89,48,Adult,49,29%,10%,469,14,5,230,180,0,0,0,222,129.21,147.97,184.81,61.64,71.63,56.68,#eedead,256,brown,http://cerealfacts.org/cereal_nutrition_scores.aspx?id=89,http://cerealfacts.org/media/cereal_images/GMRaisinNutBran.jpg,img_089_gmraisinnutbran.jpg,img_089_gmraisinnutbran_cropped.png,General Mills
90,38,Child,29,34%,3%,552,10,1,160,120,0,0,0,116,48.85,110.08,178.87,60.4,65.81,67.02,#e64a00,147,white,http://cerealfacts.org/cereal_nutrition_scores.aspx?id=90,http://cerealfacts.org/media/cereal_images/GMReesesPuffs.jpg,img_090_gmreesespuffs.jpg,img_090_gmreesespuffs_cropped.png,General Mills
91,52,Adult,53,32%,9%,434,17,5,230,160,0,0,0,91,100.16,69.03,127.77,62.94,73.11,74.92,#371b68,249,brown,http://cerealfacts.org/cereal_nutrition_scores.aspx?id=91,http://cerealfacts.org/media/cereal_images/GMTotalRaisinBran.jpg,img_091_gmtotalraisinbran.jpg,img_091_gmtotalraisinbran_cropped.png,General Mills
92,52,Adult,30,17%,10%,633,5,3,190,100,0,0,0,91,144.67,123.04,105.86,78.34,67.99,97.35,#cc293c,175,grey,http://cerealfacts.org/cereal_nutrition_scores.aspx?id=92,http://cerealfacts.org/media/cereal_images/GMTotalWholeGrain.jpg,img_092_gmtotalwholegrain.jpg,img_092_gmtotalwholegrain_cropped.png,General Mills
93,70,Adult,53,26%,8%,170,14,4,90,200,0,0,0,252,137.02,155.65,196.65,94.71,88.12,67.36,#8b0d10,141,white,http://cerealfacts.org/cereal_nutrition_scores.aspx?id=93,http://cerealfacts.org/media/cereal_images/GMTotalHoneyAlmondFlax.jpg,img_093_gmtotalhoneyalmondflax.jpg,img_093_gmtotalhoneyalmondflax_cropped.png,General Mills
94,42,Child,32,31%,3%,562,10,1,180,120,0,1,0,79,126.12,144.01,175.41,87.56,79.07,82.01,#ffffff,2155,white,http://cerealfacts.org/cereal_nutrition_scores.aspx?id=94,http://cerealfacts.org/media/cereal_images/GMTrix.jpg,img_094_gmtrix.jpg,img_094_gmtrix_cropped.png,General Mills
95,52,Adult,27,15%,11%,704,4,3,190,100,0,0,0,121,91.19,124.0,205.76,82.39,64.17,66.24,#ffffff,592,brown,http://cerealfacts.org/cereal_nutrition_scores.aspx?id=95,http://cerealfacts.org/media/cereal_images/GMWheaties.jpg,img_095_gmwheaties.jpg,img_095_gmwheaties_cropped.png,General Mills
96,58,Adult,55,25%,15%,255,14,8,140,190,0,0,0,8,50.11,54.19,83.82,64.36,70.06,90.97,#1c0000,118,black,http://cerealfacts.org/cereal_nutrition_scores.aspx?id=96,http://cerealfacts.org/media/cereal_images/GMWheatiesFuel.jpg,img_096_gmwheatiesfuel.jpg,img_096_gmwheatiesfuel_cropped.png,General Mills
97,50,Adult,30,27%,43%,700,8,13,210,80,1,0,0,226,132.95,158.51,171.51,93.45,80.85,73.49,#e6e7e1,158,white,http://cerealfacts.org/cereal_nutrition_scores.aspx?id=97,http://cerealfacts.org/media/cereal_images/KelloggAllBranBranBuds.jpg,img_097_kelloggallbranbranbuds.jpg,img_097_kelloggallbranbranbuds_cropped.png,Kellogg
98,52,Adult,29,17%,17%,724,5,5,210,90,1,0,0,255,157.68,181.58,196.31,92.08,75.99,74.15,#ffffff,33931,white,http://cerealfacts.org/cereal_nutrition_scores.aspx?id=98,http://cerealfacts.org/media/cereal_images/KelloggAllBranCompleteWheatFlakes.jpg,img_098_kelloggallbrancompletewheatflakes.jpg,img_098_kelloggallbrancompletewheatflakes_cropped.png,Kellogg
99,72,Adult,31,19%,32%,258,6,10,80,80,1,0,0,255,151.94,167.76,204.28,94.18,82.62,62.09,#493534,60,white,http://cerealfacts.org/cereal_nutrition_scores.aspx?id=99,http://cerealfacts.org/media/cereal_images/KelloggAllBranOriginal.jpg,img_099_kelloggallbranoriginal.jpg,img_099_kelloggallbranoriginal_cropped.png,Kellogg
100,44,Child,28,43%,11%,464,12,3,130,100,0,0,0,111,96.23,140.21,113.03,58.15,64.22,88.03,#ffffff,5353,green,http://cerealfacts.org/cereal_nutrition_scores.aspx?id=100,http://cerealfacts.org/media/cereal_images/KelloggAppleJacksRegular.jpg,img_100_kelloggapplejacksregular.jpg,img_100_kelloggapplejacksregular_cropped.png,Kellogg
101,42,Child,31,39%,3%,419,12,1,130,120,0,1,1,254,107.75,127.71,162.27,78.18,73.91,67.31,#fbffff,256,white,http://cerealfacts.org/cereal_nutrition_scores.aspx?id=101,http://cerealfacts.org/media/cereal_images/KelloggCocoaKrispiesRegular.jpg,img_101_kelloggcocoakrispiesregular.jpg,img_101_kelloggcocoakrispiesregular_cropped.png,Kellogg
102,50,Adult,28,11%,4%,714,3,1,200,100,1,0,0,103,116.6,151.51,167.3,91.39,82.1,94.36,#c1161c,206,white,http://cerealfacts.org/cereal_nutrition_scores.aspx?id=102,http://cerealfacts.org/media/cereal_images/KelloggCornFlakes.jpg,img_102_kelloggcornflakes.jpg,img_102_kelloggcornflakes_cropped.png,Kellogg
103,50,Child,32,31%,9%,391,10,3,125,120,0,0,0,210,96.87,162.24,210.55,74.18,72.49,67.51,#e2e0e1,213,orange,http://cerealfacts.org/cereal_nutrition_scores.aspx?id=103,http://cerealfacts.org/media/cereal_images/KelloggCornPopsRegular.jpg,img_103_kelloggcornpopsregular.jpg,img_103_kelloggcornpopsregular_cropped.png,Kellogg
104,40,Adult,49,31%,12%,306,15,6,150,200,0,0,0,255,140.09,123.04,120.38,67.56,66.61,81.94,#181b5e,256,grey,http://cerealfacts.org/cereal_nutrition_scores.aspx?id=104,http://cerealfacts.org/media/cereal_images/KelloggCracklinOatBran.jpg,img_104_kelloggcracklinoatbran.jpg,img_104_kelloggcracklinoatbran_cropped.png,Kellogg
105,46,Adult,29,14%,3%,759,4,1,220,110,0,0,0,82,146.35,129.58,96.77,63.24,59.48,103.81,#ffffff,5048,grey,http://cerealfacts.org/cereal_nutrition_scores.aspx?id=105,http://cerealfacts.org/media/cereal_images/KelloggCrispix.jpg,img_105_kelloggcrispix.jpg,img_105_kelloggcrispix_cropped.png,Kellogg
106,46,Adult,31,32%,3%,435,10,1,135,120,0,0,0,209,97.06,151.31,175.76,62.1,54.88,95.15,#007fc0,706,orange,http://cerealfacts.org/cereal_nutrition_scores.aspx?id=106,http://cerealfacts.org/media/cereal_images/KelloggCrunchyNutGoldenHoneyNut.jpg,img_106_kelloggcrunchynutgoldenhoneynut.jpg,img_106_kelloggcrunchynutgoldenhoneynut_cropped.png,Kellogg
107,50,Adult,27,37%,7%,352,10,2,95,100,0,0,0,209,89.43,143.2,166.66,61.96,55.01,94.89,#007fc0,706,orange,http://cerealfacts.org/cereal_nutrition_scores.aspx?id=107,http://cerealfacts.org/media/cereal_images/KelloggCrunchyNutGoldenHoneyNut.jpg,img_107_kelloggcrunchynutgoldenhoneynut.jpg,img_107_kelloggcrunchynutgoldenhoneynut_cropped.png,Kellogg
108,38,Adult,31,32%,0%,484,10,0,150,120,0,0,0,195,98.13,152.99,161.66,75.28,60.09,89.09,#ffc233,9915,orange,http://cerealfacts.org/cereal_nutrition_scores.aspx?id=108,http://cerealfacts.org/media/cereal_images/KelloggCrunchyNutCaramelNut.jpg,img_108_kelloggcrunchynutcaramelnut.jpg,img_108_kelloggcrunchynutcaramelnut_cropped.png,Kellogg
109,46,Adult,31,39%,6%,484,12,2,150,120,0,0,0,208,117.01,162.95,217.64,82.61,76.09,47.4,#ffde15,251,white,http://cerealfacts.org/cereal_nutrition_scores.aspx?id=109,http://cerealfacts.org/media/cereal_images/KelloggEggoCerealMapleSyrup.jpg,img_109_kelloggeggocerealmaplesyrup.jpg,img_109_kelloggeggocerealmaplesyrup_cropped.png,Kellogg
110,54,Adult,53,23%,19%,377,12,10,200,170,0,0,0,44,104.71,128.03,179.73,82.73,92.32,74.56,#ffffff,1624,white,http://cerealfacts.org/cereal_nutrition_scores.aspx?id=110,http://cerealfacts.org/media/cereal_images/KelloggFiberPlusAntioxidantsBerryYogurtCrunch.jpg,img_110_kelloggfiberplusantioxidantsberryyogurtcrunch.jpg,img_110_kelloggfiberplusantioxidantsberryyogurtcrunch_cropped.png,Kellogg
111,54,Adult,49,24%,18%,408,12,9,200,170,0,0,0,41,105.64,122.17,125.71,78.97,74.25,94.48,#ffffff,814,white,http://cerealfacts.org/cereal_nutrition_scores.aspx?id=111,http://cerealfacts.org/media/cereal_images/KelloggFiberPlusAntioxidantsCaramelPecanClusters.jpg,img_111_kelloggfiberplusantioxidantscaramelpecanclusters.jpg,img_111_kelloggfiberplusantioxidantscaramelpecanclusters_cropped.png,Kellogg
112,56,Adult,32,22%,28%,438,7,9,140,110,0,0,0,91,70.36,109.83,159.08,78.54,73.87,63.86,#9c4808,383,white,http://cerealfacts.org/cereal_nutrition_scores.aspx?id=112,http://cerealfacts.org/media/cereal_images/KelloggFiberPlusAnitoxidantsCinnamonOatCrunch.jpg,img_112_kelloggfiberplusanitoxidantscinnamonoatcrunch.jpg,img_112_kelloggfiberplusanitoxidantscinnamonoatcrunch_cropped.png,Kellogg
113,44,Child,29,48%,7%,379,14,2,110,110,0,1,0,91,120.37,121.46,162.55,70.94,77.45,72.7,#010310,286,grey,http://cerealfacts.org/cereal_nutrition_scores.aspx?id=113,http://cerealfacts.org/media/cereal_images/KelloggFrootLoopsMarshmallows.jpg,img_113_kelloggfrootloopsmarshmallows.jpg,img_113_kelloggfrootloopsmarshmallows_cropped.png,Kellogg
114,42,Child,29,41%,10%,466,12,3,135,110,0,1,1,95,89.76,104.0,159.35,73.66,75.69,77.38,#ffffff,16422,brown,http://cerealfacts.org/cereal_nutrition_scores.aspx?id=114,http://cerealfacts.org/media/cereal_images/KelloggFrootLoopsRegular.jpg,img_114_kelloggfrootloopsregular.jpg,img_114_kelloggfrootloopsregular_cropped.png,Kellogg
115,52,Child,30,27%,10%,533,8,3,160,110,0,1,1,78,136.87,129.62,116.6,78.23,68.67,104.37,#ffffff,1690,grey,http://cerealfacts.org/cereal_nutrition_scores.aspx?id=115,http://cerealfacts.org/media/cereal_images/KelloggFrostedFlakesReducedSugar.jpg,img_115_kelloggfrostedflakesreducedsugar.jpg,img_115_kelloggfrostedflakesreducedsugar_cropped.png,Kellogg
116,42,Child,30,37%,3%,467,11,1,140,110,0,1,1,78,149.81,143.43,146.14,79.92,76.24,101.84,#fbffff,256,white,http://cerealfacts.org/cereal_nutrition_scores.aspx?id=116,http://cerealfacts.org/media/cereal_images/KelloggFrostedFlakesRegular.jpg,img_116_kelloggfrostedflakesregular.jpg,img_116_kelloggfrostedflakesregular_cropped.png,Kellogg
117,48,Family,27,56%,4%,148,15,1,40,100,0,1,0,68,58.16,104.51,186.07,62.64,78.03,55.23,#ce2015,92,white,http://cerealfacts.org/cereal_nutrition_scores.aspx?id=117,http://cerealfacts.org/media/cereal_images/KelloggHoneySmacks.jpg,img_117_kellogghoneysmacks.jpg,img_117_kellogghoneysmacks_cropped.png,Kellogg
118,56,Adult,60,28%,7%,250,17,4,150,230,0,0,0,245,104.69,173.14,185.16,76.31,65.32,71.6,#ffffbf,479,white,http://cerealfacts.org/cereal_nutrition_scores.aspx?id=118,http://cerealfacts.org/media/cereal_images/KelloggLowFatGranolaWithRaisins.jpg,img_118_kellogglowfatgranolawithraisins.jpg,img_118_kellogglowfatgranolawithraisins_cropped.png,Kellogg
119,54,Adult,49,29%,6%,255,14,3,125,190,0,0,0,192,87.18,188.97,184.99,73.23,56.19,53.21,#ffffff,569,orange,http://cerealfacts.org/cereal_nutrition_scores.aspx?id=119,http://cerealfacts.org/media/cereal_images/KelloggLowFatGranolaWithoutRaisins.jpg,img_119_kellogglowfatgranolawithoutraisins.jpg,img_119_kellogglowfatgranolawithoutraisins_cropped.png,Kellogg
120,74,Family,58,21%,10%,0,12,6,0,200,0,0,0,255,126.97,134.27,166.25,78.94,74.04,88.32,#6e8c46,256,white,http://cerealfacts.org/cereal_nutrition_scores.aspx?id=120,http://cerealfacts.org/media/cereal_images/KelloggMiniWheatFrostedBigBite.jpg,img_120_kelloggminiwheatfrostedbigbite.jpg,img_120_kelloggminiwheatfrostedbigbite_cropped.png,Kellogg
121,74,Family,54,20%,11%,0,11,6,0,190,0,1,0,254,125.87,146.1,158.3,84.95,69.26,90.4,#ffffff,547,orange,http://cerealfacts.org/cereal_nutrition_scores.aspx?id=121,http://cerealfacts.org/media/cereal_images/KelloggMiniWheatFrostedBiteSize.jpg,img_121_kelloggminiwheatfrostedbitesize.jpg,img_121_kelloggminiwheatfrostedbitesize_cropped.png,Kellogg
122,74,Family,55,22%,11%,0,12,6,0,190,0,0,0,226,169.01,159.99,144.74,53.59,52.16,70.69,#9faed5,108,grey,http://cerealfacts.org/cereal_nutrition_scores.aspx?id=122,http://cerealfacts.org/media/cereal_images/KelloggMiniWheatFrostedBlueberryMuffin.jpg,img_122_kelloggminiwheatfrostedblueberrymuffin.jpg,img_122_kelloggminiwheatfrostedblueberrymuffin_cropped.png,Kellogg
123,74,Family,54,22%,11%,0,12,6,0,190,0,1,0,54,114.32,136.2,146.81,74.61,65.36,85.2,#005724,234,grey,http://cerealfacts.org/cereal_nutrition_scores.aspx?id=123,http://cerealfacts.org/media/cereal_images/KelloggMiniWheatFrostedCinnamonStreusel.jpg,img_123_kelloggminiwheatfrostedcinnamonstreusel.jpg,img_123_kelloggminiwheatfrostedcinnamonstreusel_cropped.png,Kellogg
124,74,Family,55,22%,11%,0,12,6,0,190,0,1,0,54,124.31,132.86,141.74,74.8,72.2,87.79,#005623,512,grey,http://cerealfacts.org/cereal_nutrition_scores.aspx?id=124,http://cerealfacts.org/media/cereal_images/KelloggMiniWheatFrostedMapleBrownSugar.jpg,img_124_kelloggminiwheatfrostedmaplebrownsugar.jpg,img_124_kelloggminiwheatfrostedmaplebrownsugar_cropped.png,Kellogg
125,74,Family,55,22%,11%,0,12,6,0,190,0,0,0,255,154.29,143.51,177.77,66.1,67.06,79.36,#e08aaf,1536,violet,http://cerealfacts.org/cereal_nutrition_scores.aspx?id=125,http://cerealfacts.org/media/cereal_images/KelloggMiniWheatFrostedStrawberryDelight.jpg,img_125_kelloggminiwheatfrostedstrawberrydelight.jpg,img_125_kelloggminiwheatfrostedstrawberrydelight_cropped.png,Kellogg
126,82,Family,55,0%,15%,0,0,8,0,190,0,0,0,77,153.57,146.35,123.58,56.08,64.03,99.12,#5482c0,466,white,http://cerealfacts.org/cereal_nutrition_scores.aspx?id=126,http://cerealfacts.org/media/cereal_images/KelloggMiniWheatUnfrostedBiteSize.jpg,img_126_kelloggminiwheatunfrostedbitesize.jpg,img_126_kelloggminiwheatunfrostedbitesize_cropped.png,Kellogg
127,74,Family,55,18%,11%,18,10,6,10,190,0,0,0,180,127.49,120.4,119.0,50.89,55.9,60.02,#bbb79e,145,grey,http://cerealfacts.org/cereal_nutrition_scores.aspx?id=127,http://cerealfacts.org/media/cereal_images/KelloggMiniWheatFrostedMixedBerryTouchOfFruit.jpg,img_127_kelloggminiwheatfrostedmixedberrytouchoffruit.jpg,img_127_kelloggminiwheatfrostedmixedberrytouchoffruit_cropped.png,Kellogg
128,54,Family,55,22%,11%,382,12,6,210,190,0,0,0,68,93.78,101.5,111.33,61.66,57.96,53.55,#ffffff,13480,black,http://cerealfacts.org/cereal_nutrition_scores.aspx?id=128,http://cerealfacts.org/media/cereal_images/KelloggMiniWheatLittleBitesChocolate.jpg,img_128_kelloggminiwheatlittlebiteschocolate.jpg,img_128_kelloggminiwheatlittlebiteschocolate_cropped.png,Kellogg
129,74,Family,55,22%,11%,0,12,6,0,190,0,0,0,254,121.28,148.26,151.88,81.83,59.31,72.84,#d7caa8,106,white,http://cerealfacts.org/cereal_nutrition_scores.aspx?id=129,http://cerealfacts.org/media/cereal_images/KelloggMiniWheatLittleBitesCinnamonRoll.jpg,img_129_kelloggminiwheatlittlebitescinnamonroll.jpg,img_129_kelloggminiwheatlittlebitescinnamonroll_cropped.png,Kellogg
130,74,Family,55,20%,11%,0,11,6,0,190,0,0,0,153,132.25,162.47,175.14,72.53,56.69,88.08,#ffffff,229,white,http://cerealfacts.org/cereal_nutrition_scores.aspx?id=130,http://cerealfacts.org/media/cereal_images/KelloggMiniWheatFrostedOriginal.jpg,img_130_kelloggminiwheatfrostedoriginal.jpg,img_130_kelloggminiwheatfrostedoriginal_cropped.png,Kellogg
131,58,Adult,55,25%,9%,255,14,5,140,200,1,0,0,81,102.45,119.73,187.65,94.41,83.22,46.89,#e8e5ec,209,white,http://cerealfacts.org/cereal_nutrition_scores.aspx?id=131,http://cerealfacts.org/media/cereal_images/KelloggMueslix.jpg,img_131_kelloggmueslix.jpg,img_131_kelloggmueslix_cropped.png,Kellogg
132,48,Adult,30,13%,3%,733,4,1,220,110,0,0,0,79,139.82,138.8,221.07,80.77,100.12,34.29,#ffffff,536,white,http://cerealfacts.org/cereal_nutrition_scores.aspx?id=132,http://cerealfacts.org/media/cereal_images/KelloggProduct19.jpg,img_132_kelloggproduct19.jpg,img_132_kelloggproduct19_cropped.png,Kellogg
133,50,Adult,53,36%,8%,377,19,4,200,190,0,1,1,254,136.01,124.66,133.03,77.9,73.64,72.4,#ffffff,286,white,http://cerealfacts.org/cereal_nutrition_scores.aspx?id=133,http://cerealfacts.org/media/cereal_images/KelloggRaisinBranCrunch.jpg,img_133_kelloggraisinbrancrunch.jpg,img_133_kelloggraisinbrancrunch_cropped.png,Kellogg
134,54,Adult,59,31%,12%,356,18,7,210,190,0,1,1,45,101.83,102.36,156.69,71.74,83.79,71.85,#ffffff,532,brown,http://cerealfacts.org/cereal_nutrition_scores.aspx?id=134,http://cerealfacts.org/media/cereal_images/KelloggRaisinBranRegular.jpg,img_134_kelloggraisinbranregular.jpg,img_134_kelloggraisinbranregular_cropped.png,Kellogg
135,38,Child,30,40%,0%,367,12,0,110,110,0,1,1,205,175.22,171.07,157.49,65.1,59.36,76.75,#ffffff,109,white,http://cerealfacts.org/cereal_nutrition_scores.aspx?id=135,http://cerealfacts.org/media/cereal_images/KelloggRiceKrispiesFrostedKrispies.jpg,img_135_kelloggricekrispiesfrostedkrispies.jpg,img_135_kelloggricekrispiesfrostedkrispies_cropped.png,Kellogg
136,38,Child,30,30%,0%,567,9,0,170,120,0,1,1,96,152.36,136.75,149.85,63.51,77.5,76.95,#713080,118,white,http://cerealfacts.org/cereal_nutrition_scores.aspx?id=136,http://cerealfacts.org/media/cereal_images/KelloggRiceKrispiesRiceKrispiesTreats.jpg,img_136_kelloggricekrispiesricekrispiestreats.jpg,img_136_kelloggricekrispiesricekrispiestreats_cropped.png,Kellogg
137,52,Child,33,12%,3%,576,4,1,190,130,0,1,1,253,147.36,133.53,111.85,75.02,72.48,93.45,#fffcff,242,grey,http://cerealfacts.org/cereal_nutrition_scores.aspx?id=137,http://cerealfacts.org/media/cereal_images/KelloggRiceKrispiesRegular.jpg,img_137_kelloggricekrispiesregular.jpg,img_137_kelloggricekrispiesregular_cropped.png,Kellogg
138,64,Child,30,3%,3%,600,1,1,180,110,0,1,1,181,123.43,135.11,142.38,56.75,56.81,66.67,#ffffff,202,grey,http://cerealfacts.org/cereal_nutrition_scores.aspx?id=138,http://cerealfacts.org/media/cereal_images/KelloggRiceKrispiesGlutenFree.jpg,img_138_kelloggricekrispiesglutenfree.jpg,img_138_kelloggricekrispiesglutenfree_cropped.png,Kellogg
139,48,Adult,50,28%,6%,560,14,3,280,180,1,0,0,255,178.5,181.95,189.88,79.31,66.97,61.88,#ffffff,13057,white,http://cerealfacts.org/cereal_nutrition_scores.aspx?id=139,http://cerealfacts.org/media/cereal_images/KelloggSmartStartOriginalAntioxidants.jpg,img_139_kelloggsmartstartoriginalantioxidants.jpg,img_139_kelloggsmartstartoriginalantioxidants_cropped.png,Kellogg
140,56,Adult,60,28%,8%,233,17,5,140,220,1,0,0,255,158.26,181.05,206.92,87.89,71.91,65.94,#ffffff,8482,white,http://cerealfacts.org/cereal_nutrition_scores.aspx?id=140,http://cerealfacts.org/media/cereal_images/KelloggSmartStartToastedOat.jpg,img_140_kelloggsmartstarttoastedoat.jpg,img_140_kelloggsmartstarttoastedoat_cropped.png,Kellogg
141,40,Family,30,43%,3%,450,13,1,135,120,0,0,0,122,151.19,151.39,117.37,88.83,69.03,90.24,#01a8dc,248,grey,http://cerealfacts.org/cereal_nutrition_scores.aspx?id=141,http://cerealfacts.org/media/cereal_images/KelloggSmorz.jpg,img_141_kelloggsmorz.jpg,img_141_kelloggsmorz_cropped.png,Kellogg
142,52,Adult,30,27%,10%,467,8,3,140,110,1,0,0,255,165.16,145.95,171.84,69.8,77.81,66.25,#ffffff,17809,white,http://cerealfacts.org/cereal_nutrition_scores.aspx?id=142,http://cerealfacts.org/media/cereal_images/KelloggSpecialKBlueberry.jpg,img_142_kelloggspecialkblueberry.jpg,img_142_kelloggspecialkblueberry_cropped.png,Kellogg
143,36,Adult,31,29%,10%,581,9,3,180,120,1,0,0,255,133.12,147.03,193.31,78.08,74.72,53.83,#ea1b35,256,white,http://cerealfacts.org/cereal_nutrition_scores.aspx?id=143,http://cerealfacts.org/media/cereal_images/KelloggSpecialKChocolateyDelight.jpg,img_143_kelloggspecialkchocolateydelight.jpg,img_143_kelloggspecialkchocolateydelight_cropped.png,Kellogg
144,48,Adult,30,23%,10%,633,7,3,190,110,0,0,0,207,119.19,156.78,208.58,70.07,65.49,56.46,#ffffff,2296,white,http://cerealfacts.org/cereal_nutrition_scores.aspx?id=144,http://cerealfacts.org/media/cereal_images/KelloggSpecialKCinnamonPecan.jpg,img_144_kelloggspecialkcinnamonpecan.jpg,img_144_kelloggspecialkcinnamonpecan_cropped.png,Kellogg
145,50,Adult,32,31%,9%,438,10,3,140,120,1,0,0,255,168.46,159.23,200.96,77.17,74.51,49.48,#e5ddec,256,white,http://cerealfacts.org/cereal_nutrition_scores.aspx?id=145,http://cerealfacts.org/media/cereal_images/KelloggSpecialKFruitYogurt.jpg,img_145_kelloggspecialkfruityogurt.jpg,img_145_kelloggspecialkfruityogurt_cropped.png,Kellogg
146,70,Adult,29,7%,17%,379,2,5,110,100,1,0,0,255,185.17,176.09,176.81,78.72,70.78,67.64,#ffffff,5026,white,http://cerealfacts.org/cereal_nutrition_scores.aspx?id=146,http://cerealfacts.org/media/cereal_images/KelloggSpecialKProteinPlus.jpg,img_146_kelloggspecialkproteinplus.jpg,img_146_kelloggspecialkproteinplus_cropped.png,Kellogg
147,48,Adult,31,29%,10%,613,9,3,190,110,1,0,0,225,143.93,145.73,204.83,90.53,86.47,54.63,#efe6e7,3072,white,http://cerealfacts.org/cereal_nutrition_scores.aspx?id=147,http://cerealfacts.org/media/cereal_images/KelloggSpecialKRedBerries.jpg,img_147_kelloggspecialkredberries.jpg,img_147_kelloggspecialkredberries_cropped.png,Kellogg
148,44,Adult,31,13%,0%,710,4,0,220,120,1,0,0,242,190.13,192.33,217.19,66.07,65.72,33.83,#e02948,140,white,http://cerealfacts.org/cereal_nutrition_scores.aspx?id=148,http://cerealfacts.org/media/cereal_images/KelloggSpecialKRegular.jpg,img_148_kelloggspecialkregular.jpg,img_148_kelloggspecialkregular_cropped.png,Kellogg
149,48,Adult,30,30%,10%,567,9,3,170,110,0,0,0,86,120.35,148.75,205.33,63.67,78.04,50.31,#cb2030,2231,white,http://cerealfacts.org/cereal_nutrition_scores.aspx?id=149,http://cerealfacts.org/media/cereal_images/KelloggSpecialKVanillaAlmond.jpg,img_149_kelloggspecialkvanillaalmond.jpg,img_149_kelloggspecialkvanillaalmond_cropped.png,Kellogg
150,50,Adult,29,28%,10%,483,8,3,140,100,1,0,0,211,136.88,143.26,170.38,66.56,64.37,50.46,#cecece,768,white,http://cerealfacts.org/cereal_nutrition_scores.aspx?id=150,http://cerealfacts.org/media/cereal_images/KelloggSpecialKMultigrainOatsHoney.jpg,img_150_kelloggspecialkmultigrainoatshoney.jpg,img_150_kelloggspecialkmultigrainoatshoney_cropped.png,Kellogg
151,76,Adult,52,6%,10%,221,3,5,115,190,0,0,0,209,116.99,130.19,127.31,75.53,63.38,53.48,#bddbdd,220,brown,http://cerealfacts.org/cereal_nutrition_scores.aspx?id=151,http://cerealfacts.org/media/cereal_images/KelloggSpecialKLowFatGranola.jpg,img_151_kelloggspecialklowfatgranola.jpg,img_151_kelloggspecialklowfatgranola_cropped.png,Kellogg
152,56,Adult,49,22%,6%,449,11,3,220,180,0,0,0,175,125.24,169.21,204.21,92.69,65.29,59.02,#ffffff,540,white,http://cerealfacts.org/cereal_nutrition_scores.aspx?id=152,http://cerealfacts.org/media/cereal_images/KelloggBearNakedCerealNutClusterCrunchHoneyAlmond.jpg,img_152_kelloggbearnakedcerealnutclustercrunchhoneyalmond.jpg,img_152_kelloggbearnakedcerealnutclustercrunchhoneyalmond_cropped.png,Kellogg
153,56,Adult,59,22%,7%,441,13,4,260,220,0,0,0,104,111.95,136.72,200.64,90.69,79.65,57.97,#ffffff,433,white,http://cerealfacts.org/cereal_nutrition_scores.aspx?id=153,http://cerealfacts.org/media/cereal_images/KelloggBearNakedCerealNutClusterCrunchMapleNut.jpg,img_153_kelloggbearnakedcerealnutclustercrunchmaplenut.jpg,img_153_kelloggbearnakedcerealnutclustercrunchmaplenut_cropped.png,Kellogg
154,44,Adult,30,40%,3%,383,12,1,115,120,0,0,0,82,110.74,123.17,150.99,62.92,64.51,73.64,#ffffc9,44,white,http://cerealfacts.org/cereal_nutrition_scores.aspx?id=154,http://cerealfacts.org/media/cereal_images/KelloggCinnabon.jpg,img_154_kelloggcinnabon.jpg,img_154_kelloggcinnabon_cropped.png,Kellogg
155,56,Adult,55,18%,13%,236,10,7,130,220,1,0,0,255,141.35,163.16,184.59,90.62,80.43,71.36,#ffffff,14095,white,http://cerealfacts.org/cereal_nutrition_scores.aspx?id=155,http://cerealfacts.org/media/cereal_images/KashiGranolaCocoaBeach.jpg,img_155_kashigranolacocoabeach.jpg,img_155_kashigranolacocoabeach_cropped.png,Kashi
156,56,Adult,55,18%,11%,245,10,6,135,230,1,0,0,245,156.45,177.5,198.96,88.8,78.26,58.22,#f6f8f7,72,white,http://cerealfacts.org/cereal_nutrition_scores.aspx?id=156,http://cerealfacts.org/media/cereal_images/KashiGranolaMtMedleyGranola.jpg,img_156_kashigranolamtmedleygranola.jpg,img_156_kashigranolamtmedleygranola_cropped.png,Kashi
157,70,Adult,55,20%,13%,227,11,7,125,210,1,0,0,255,138.85,172.5,208.42,82.44,66.97,57.04,#ffffff,4431,white,http://cerealfacts.org/cereal_nutrition_scores.aspx?id=157,http://cerealfacts.org/media/cereal_images/KashiShreddedWheatTypeAutumnWheat.jpg,img_157_kashishreddedwheattypeautumnwheat.jpg,img_157_kashishreddedwheattypeautumnwheat_cropped.png,Kashi
158,76,Adult,55,16%,9%,0,9,5,0,180,1,0,0,234,142.87,160.55,181.35,77.85,67.84,54.84,#e8e8e8,197,white,http://cerealfacts.org/cereal_nutrition_scores.aspx?id=158,http://cerealfacts.org/media/cereal_images/KashiShreddedWheatTypeCinnamonHarvest.jpg,img_158_kashishreddedwheattypecinnamonharvest.jpg,img_158_kashishreddedwheattypecinnamonharvest_cropped.png,Kashi
159,76,Adult,55,16%,11%,9,9,6,5,190,1,0,0,246,165.76,195.38,206.82,78.24,54.69,56.0,#f0d9b0,112,white,http://cerealfacts.org/cereal_nutrition_scores.aspx?id=159,http://cerealfacts.org/media/cereal_images/KashiShreddedWheatTypeIslandVanilla.jpg,img_159_kashishreddedwheattypeislandvanilla.jpg,img_159_kashishreddedwheattypeislandvanilla_cropped.png,Kashi
160,74,Adult,50,8%,12%,300,4,6,150,180,1,0,0,255,179.42,202.17,222.01,88.16,63.52,61.34,#e4701d,12032,white,http://cerealfacts.org/cereal_nutrition_scores.aspx?id=160,http://cerealfacts.org/media/cereal_images/KashiFlakes7WholeGrainsFlakes.jpg,img_160_kashiflakes7wholegrainsflakes.jpg,img_160_kashiflakes7wholegrainsflakes_cropped.png,Kashi
161,78,Adult,52,12%,19%,163,6,10,85,140,0,0,0,232,155.49,175.13,208.34,84.02,73.51,48.53,#e3e3e3,256,white,http://cerealfacts.org/cereal_nutrition_scores.aspx?id=161,http://cerealfacts.org/media/cereal_images/KashiGoLeanOriginal.jpg,img_161_kashigoleanoriginal.jpg,img_161_kashigoleanoriginal_cropped.png,Kashi
162,58,Adult,53,23%,15%,264,12,8,140,200,1,0,0,255,159.11,193.26,218.14,94.1,65.19,49.7,#ffffff,16433,white,http://cerealfacts.org/cereal_nutrition_scores.aspx?id=162,http://cerealfacts.org/media/cereal_images/KashiGoLeanCrunchHoneyAlmondFlax.jpg,img_162_kashigoleancrunchhoneyalmondflax.jpg,img_162_kashigoleancrunchhoneyalmondflax_cropped.png,Kashi
163,58,Adult,53,25%,15%,189,13,8,100,190,1,0,0,255,150.21,159.3,191.78,93.47,98.89,72.86,#ffffff,31679,white,http://cerealfacts.org/cereal_nutrition_scores.aspx?id=163,http://cerealfacts.org/media/cereal_images/KashiGoLeanCrunchOriginal.jpg,img_163_kashigoleancrunchoriginal.jpg,img_163_kashigoleancrunchoriginal_cropped.png,Kashi
164,72,Adult,53,19%,23%,208,10,12,110,160,0,0,0,48,67.26,73.81,149.96,70.26,89.82,62.22,#8d0020,73,brown,http://cerealfacts.org/cereal_nutrition_scores.aspx?id=164,http://cerealfacts.org/media/cereal_images/KashiGoodFriendsOriginal.jpg,img_164_kashigoodfriendsoriginal.jpg,img_164_kashigoodfriendsoriginal_cropped.png,Kashi
165,72,Adult,33,15%,15%,258,5,5,85,120,1,0,0,255,178.96,195.33,214.44,84.94,71.62,55.14,#fefcff,256,white,http://cerealfacts.org/cereal_nutrition_scores.aspx?id=165,http://cerealfacts.org/media/cereal_images/KashiHeartToHeartHoneyToastedOat.jpg,img_165_kashihearttohearthoneytoastedoat.jpg,img_165_kashihearttohearthoneytoastedoat_cropped.png,Kashi
166,70,Adult,55,22%,7%,245,12,4,135,200,1,0,0,255,183.94,190.06,198.8,83.87,72.76,68.6,#ffffff,7770,white,http://cerealfacts.org/cereal_nutrition_scores.aspx?id=166,http://cerealfacts.org/media/cereal_images/KashiHeartToHeartOatFlakesWildBlueberryClusters.jpg,img_166_kashihearttoheartoatflakeswildblueberryclusters.jpg,img_166_kashihearttoheartoatflakeswildblueberryclusters_cropped.png,Kashi
167,72,Adult,33,15%,15%,242,5,5,80,120,1,0,0,255,178.35,188.62,203.78,90.6,73.0,64.1,#ffffff,15096,white,http://cerealfacts.org/cereal_nutrition_scores.aspx?id=167,http://cerealfacts.org/media/cereal_images/KashiHeartTohHeartWarmCinnamonOat.jpg,img_167_kashihearttohheartwarmcinnamonoat.jpg,img_167_kashihearttohheartwarmcinnamonoat_cropped.png,Kashi
168,74,Adult,30,20%,7%,0,6,2,0,120,1,0,0,255,158.4,178.66,193.03,85.77,63.79,56.74,#fcfcfc,249,white,http://cerealfacts.org/cereal_nutrition_scores.aspx?id=168,http://cerealfacts.org/media/cereal_images/KashiHoneyPuffs7WholeGrainsHoneyPuffs.jpg,img_168_kashihoneypuffs7wholegrainshoneypuffs.jpg,img_168_kashihoneypuffs7wholegrainshoneypuffs_cropped.png,Kashi
169,56,Family,30,20%,17%,450,6,5,135,100,1,0,0,255,178.42,214.15,228.37,81.97,46.98,53.08,#ffffff,18255,white,http://cerealfacts.org/cereal_nutrition_scores.aspx?id=169,http://cerealfacts.org/media/cereal_images/KashiSquaresHoneySunshine.jpg,img_169_kashisquareshoneysunshine.jpg,img_169_kashisquareshoneysunshine_cropped.png,Kashi
170,54,Family,30,23%,20%,417,7,6,125,100,1,0,0,255,172.94,177.02,202.98,88.29,87.78,65.76,#ffffff,19278,white,http://cerealfacts.org/cereal_nutrition_scores.aspx?id=170,http://cerealfacts.org/media/cereal_images/KashiSquaresBerryBlossoms.jpg,img_170_kashisquaresberryblossoms.jpg,img_170_kashisquaresberryblossoms_cropped.png,Kashi
171,72,Adult,58,5%,12%,448,3,7,260,210,1,0,0,254,169.17,172.55,184.93,82.27,74.64,63.76,#d6d7dc,215,white,http://cerealfacts.org/cereal_nutrition_scores.aspx?id=171,http://cerealfacts.org/media/cereal_images/KashiNuggets7WholeGrainsNuggets.jpg,img_171_kashinuggets7wholegrainsnuggets.jpg,img_171_kashinuggets7wholegrainsnuggets_cropped.png,Kashi
172,82,None,19,0%,5%,0,0,1,0,70,1,0,0,255,194.23,197.81,207.99,82.38,79.5,67.29,#ffffff,51273,white,http://cerealfacts.org/cereal_nutrition_scores.aspx?id=172,http://cerealfacts.org/media/cereal_images/KashiPuffs7WholeGrainsPuffs.jpg,img_172_kashipuffs7wholegrainspuffs.jpg,img_172_kashipuffs7wholegrainspuffs_cropped.png,Kashi
173,46,Adult,32,28%,3%,531,9,1,170,120,1,0,0,255,163.9,174.62,198.13,82.06,77.37,55.84,#ffffff,22720,white,http://cerealfacts.org/cereal_nutrition_scores.aspx?id=173,http://cerealfacts.org/media/cereal_images/KashiStrawberryFields.jpg,img_173_kashistrawberryfields.jpg,img_173_kashistrawberryfields_cropped.png,Kashi
174,70,Adult,55,20%,13%,227,11,7,125,210,0,0,0,125,88.93,124.75,135.09,32.78,38.29,28.6,#82005c,457,grey,http://cerealfacts.org/cereal_nutrition_scores.aspx?id=174,http://cerealfacts.org/media/cereal_images/KashiUBlackCurrantsWalnuts.jpg,img_174_kashiublackcurrantswalnuts.jpg,img_174_kashiublackcurrantswalnuts_cropped.png,Kashi
175,70,Adult,51,20%,18%,255,10,9,130,190,1,0,0,255,139.69,178.89,213.87,96.17,76.29,57.62,#ffffff,32907,white,http://cerealfacts.org/cereal_nutrition_scores.aspx?id=175,http://cerealfacts.org/media/cereal_images/KashiGoLeanCrispCinnamonCrumble.jpg,img_175_kashigoleancrispcinnamoncrumble.jpg,img_175_kashigoleancrispcinnamoncrumble_cropped.png,Kashi
176,70,Adult,51,20%,16%,245,10,8,125,180,1,0,0,244,146.41,165.1,190.5,76.21,65.99,48.78,#dfddde,1024,white,http://cerealfacts.org/cereal_nutrition_scores.aspx?id=176,http://cerealfacts.org/media/cereal_images/KashiGoLeanCrispBerryCrumble.jpg,img_176_kashigoleancrispberrycrumble.jpg,img_176_kashigoleancrispberrycrumble_cropped.png,Kashi
177,72,Family,60,13%,10%,283,8,6,170,210,1,0,0,255,190.06,211.79,229.08,91.51,63.34,56.3,#ffffff,29164,white,http://cerealfacts.org/cereal_nutrition_scores.aspx?id=177,http://cerealfacts.org/media/cereal_images/KashiGoldenGoodness.jpg,img_177_kashigoldengoodness.jpg,img_177_kashigoldengoodness_cropped.png,Kashi
178,54,Adult,27,22%,7%,463,6,2,125,100,1,0,0,227,154.51,172.36,185.73,84.64,69.33,73.85,#dfd7d5,768,white,http://cerealfacts.org/cereal_nutrition_scores.aspx?id=178,http://cerealfacts.org/media/cereal_images/KashiOrganicCeralIndigoMorning.jpg,img_178_kashiorganicceralindigomorning.jpg,img_178_kashiorganicceralindigomorning_cropped.png,Kashi
179,56,Adult,27,22%,7%,407,6,2,110,100,1,0,0,255,186.38,214.32,214.67,78.62,52.28,59.61,#ffffff,24225,white,http://cerealfacts.org/cereal_nutrition_scores.aspx?id=179,http://cerealfacts.org/media/cereal_images/KashiOrganicCerealSimplyMaize.jpg,img_179_kashiorganiccerealsimplymaize.jpg,img_179_kashiorganiccerealsimplymaize_cropped.png,Kashi
180,54,Adult,30,27%,7%,433,8,2,130,110,0,1,0,0,93.95,114.73,182.83,73.16,78.89,51.58,#ffffff,217,brown,http://cerealfacts.org/cereal_nutrition_scores.aspx?id=180,http://cerealfacts.org/media/cereal_images/NewmansOwnFlakeNStrawberry.jpg,img_180_newmansownflakenstrawberry.jpg,img_180_newmansownflakenstrawberry_cropped.png,Newman's Own
181,56,Adult,30,27%,13%,267,8,4,80,100,0,1,0,204,119.28,142.46,139.52,71.46,60.74,62.8,#d1d4dd,256,violet,http://cerealfacts.org/cereal_nutrition_scores.aspx?id=181,http://cerealfacts.org/media/cereal_images/NewmansOwnHoneyFlaxFlakes.jpg,img_181_newmansownhoneyflaxflakes.jpg,img_181_newmansownhoneyflaxflakes_cropped.png,Newman's Own
182,74,Adult,30,20%,27%,0,6,8,0,90,0,1,0,115,73.59,106.13,177.82,46.76,51.43,51.14,#a08e80,256,brown,http://cerealfacts.org/cereal_nutrition_scores.aspx?id=182,http://cerealfacts.org/media/cereal_images/NewmansOwnCinnamonFiberFlakes.jpg,img_182_newmansowncinnamonfiberflakes.jpg,img_182_newmansowncinnamonfiberflakes_cropped.png,Newman's Own
183,54,Adult,30,23%,7%,417,7,2,125,110,0,1,0,254,132.31,173.41,194.46,77.1,68.74,63.52,#fffffd,499,white,http://cerealfacts.org/cereal_nutrition_scores.aspx?id=183,http://cerealfacts.org/media/cereal_images/NewmansOwnVanillaAlmond.jpg,img_183_newmansownvanillaalmond.jpg,img_183_newmansownvanillaalmond_cropped.png,Newman's Own
184,54,Child,30,23%,7%,400,7,2,120,120,0,1,1,2,32.36,86.7,111.9,50.56,66.36,78.99,#ffffff,1989,black,http://cerealfacts.org/cereal_nutrition_scores.aspx?id=184,http://cerealfacts.org/media/cereal_images/NPEnvirokidzOrganicAmazonFrostedFlakes.jpg,img_184_npenvirokidzorganicamazonfrostedflakes.jpg,img_184_npenvirokidzorganicamazonfrostedflakes_cropped.png,Nature's Path
185,54,Child,30,30%,7%,333,9,2,100,115,0,1,1,254,102.05,132.76,130.25,66.89,70.86,77.83,#10110c,194,violet,http://cerealfacts.org/cereal_nutrition_scores.aspx?id=185,http://cerealfacts.org/media/cereal_images/NPEnvirokidzOrganicGorillaMunch.jpg,img_185_npenvirokidzorganicgorillamunch.jpg,img_185_npenvirokidzorganicgorillamunch_cropped.png,Nature's Path
186,48,Child,30,30%,3%,450,9,1,135,120,0,1,1,249,130.53,142.69,148.77,65.59,60.42,71.71,#445ba7,256,grey,http://cerealfacts.org/cereal_nutrition_scores.aspx?id=186,http://cerealfacts.org/media/cereal_images/NPEnvirokidzOrganicKoalaCrisp.jpg,img_186_npenvirokidzorganickoalacrisp.jpg,img_186_npenvirokidzorganickoalacrisp_cropped.png,Nature's Path
187,54,Child,30,27%,7%,383,8,2,115,120,0,1,1,248,106.91,159.04,170.08,71.48,67.48,73.02,#ffffff,5501,white,http://cerealfacts.org/cereal_nutrition_scores.aspx?id=187,http://cerealfacts.org/media/cereal_images/NPEnvirokidzOrganicLeapinLemurs.jpg,img_187_npenvirokidzorganicleapinlemurs.jpg,img_187_npenvirokidzorganicleapinlemurs_cropped.png,Nature's Path
188,44,Child,30,40%,3%,317,12,1,95,130,0,1,1,247,120.35,145.51,167.11,71.48,72.64,76.77,#242527,256,grey,http://cerealfacts.org/cereal_nutrition_scores.aspx?id=188,http://cerealfacts.org/media/cereal_images/NPEnvirokidzOrganicPeanutButterPandaPuffs.jpg,img_188_npenvirokidzorganicpeanutbutterpandapuffs.jpg,img_188_npenvirokidzorganicpeanutbutterpandapuffs_cropped.png,Nature's Path
189,52,Adult,30,17%,23%,633,5,7,190,100,0,0,0,217,120.86,130.41,138.23,56.19,75.55,91.14,#f5e164,214,white,http://cerealfacts.org/cereal_nutrition_scores.aspx?id=189,http://cerealfacts.org/media/cereal_images/NPFlaxPlusMultibranFlakes.jpg,img_189_npflaxplusmultibranflakes.jpg,img_189_npflaxplusmultibranflakes_cropped.png,Nature's Path
190,58,Adult,55,18%,9%,291,10,5,160,210,0,0,0,76,102.64,101.91,174.18,62.84,80.37,51.13,#a81f3c,481,white,http://cerealfacts.org/cereal_nutrition_scores.aspx?id=190,http://cerealfacts.org/media/cereal_images/NPFlaxPlusRedberryCrunch.jpg,img_190_npflaxplusredberrycrunch.jpg,img_190_npflaxplusredberrycrunch_cropped.png,Nature's Path
191,56,Adult,55,18%,9%,345,10,5,190,220,0,0,0,242,103.11,135.4,189.1,75.68,72.41,56.37,#f4eed4,491,white,http://cerealfacts.org/cereal_nutrition_scores.aspx?id=191,http://cerealfacts.org/media/cereal_images/NPFlaxPlusMaplePecanCrunch.jpg,img_191_npflaxplusmaplepecancrunch.jpg,img_191_npflaxplusmaplepecancrunch_cropped.png,Nature's Path
192,56,Adult,55,24%,13%,273,13,7,150,210,0,0,0,192,92.93,135.04,168.98,49.59,71.69,80.6,#edbb72,256,grey,http://cerealfacts.org/cereal_nutrition_scores.aspx?id=192,http://cerealfacts.org/media/cereal_images/NPFlaxPlusPumpkinRaisinCrunch.jpg,img_192_npflaxpluspumpkinraisincrunch.jpg,img_192_npflaxpluspumpkinraisincrunch_cropped.png,Nature's Path
193,58,Adult,55,22%,15%,345,12,8,190,190,0,0,0,69,77.93,66.22,113.5,35.92,37.32,34.79,#5f2e5d,512,brown,http://cerealfacts.org/cereal_nutrition_scores.aspx?id=193,http://cerealfacts.org/media/cereal_images/NPFlaxPlusRaisinBranFlakes.jpg,img_193_npflaxplusraisinbranflakes.jpg,img_193_npflaxplusraisinbranflakes_cropped.png,Nature's Path
194,58,Adult,55,11%,11%,382,6,6,210,230,0,0,0,43,77.75,133.01,175.57,54.39,73.88,80.21,#fac35f,256,white,http://cerealfacts.org/cereal_nutrition_scores.aspx?id=194,http://cerealfacts.org/media/cereal_images/NPHeritageCrunch.jpg,img_194_npheritagecrunch.jpg,img_194_npheritagecrunch_cropped.png,Nature's Path
195,54,Adult,30,23%,10%,433,7,3,130,110,0,0,0,73,43.55,103.32,148.82,68.66,58.73,56.01,#ffffff,1321,white,http://cerealfacts.org/cereal_nutrition_scores.aspx?id=195,http://cerealfacts.org/media/cereal_images/NPSunriseCrunchyMaple.jpg,img_195_npsunrisecrunchymaple.jpg,img_195_npsunrisecrunchymaple_cropped.png,Nature's Path
196,54,Adult,30,23%,10%,433,7,3,130,110,0,0,0,232,158.03,179.47,198.57,75.25,58.31,49.62,#d6e5ea,512,white,http://cerealfacts.org/cereal_nutrition_scores.aspx?id=196,http://cerealfacts.org/media/cereal_images/NPSunriseCrunchyVanilla.jpg,img_196_npsunrisecrunchyvanilla.jpg,img_196_npsunrisecrunchyvanilla_cropped.png,Nature's Path
197,68,Adult,30,7%,7%,533,2,2,160,110,0,0,0,49,121.16,121.96,113.22,61.35,66.32,93.45,#ffffff,93662,white,http://cerealfacts.org/cereal_nutrition_scores.aspx?id=197,http://cerealfacts.org/media/cereal_images/NPCrispyRiceCereal.jpg,img_197_npcrispyricecereal.jpg,img_197_npcrispyricecereal_cropped.png,Nature's Path
198,58,Adult,30,10%,0%,417,3,0,125,120,0,0,0,254,142.56,195.14,203.37,71.62,58.26,80.04,#fffffd,486,white,http://cerealfacts.org/cereal_nutrition_scores.aspx?id=198,http://cerealfacts.org/media/cereal_images/NPFruitJuiceSweetenedCornFlakes.jpg,img_198_npfruitjuicesweetenedcornflakes.jpg,img_198_npfruitjuicesweetenedcornflakes_cropped.png,Nature's Path
199,44,Family,28,36%,7%,643,10,2,180,110,0,1,1,208,150.8,142.85,125.12,58.91,53.42,86.62,#ffffff,37118,white,http://cerealfacts.org/cereal_nutrition_scores.aspx?id=199,http://cerealfacts.org/media/cereal_images/PostAlphaBits.jpg,img_199_postalphabits.jpg,img_199_postalphabits_cropped.png,Post
200,54,Adult,30,17%,17%,600,5,5,180,100,0,0,0,156,62.21,152.37,212.6,67.35,46.83,49.67,#f29b1a,198,white,http://cerealfacts.org/cereal_nutrition_scores.aspx?id=200,http://cerealfacts.org/media/cereal_images/PostBranFlakes.jpg,img_200_postbranflakes.jpg,img_200_postbranflakes_cropped.png,Post
201,46,Family,27,52%,4%,93,14,1,25,110,0,1,1,146,102.24,159.0,175.62,85.26,67.44,83.67,#ce8a27,141,white,http://cerealfacts.org/cereal_nutrition_scores.aspx?id=201,http://cerealfacts.org/media/cereal_images/PostGoldenCrisp.jpg,img_201_postgoldencrisp.jpg,img_201_postgoldencrisp_cropped.png,Post
202,58,Adult,29,14%,10%,431,4,3,125,110,1,0,0,234,181.93,188.08,213.5,76.79,71.15,45.05,#e5e9ec,512,white,http://cerealfacts.org/cereal_nutrition_scores.aspx?id=202,http://cerealfacts.org/media/cereal_images/PostGrapeNutsFlakes.jpg,img_202_postgrapenutsflakes.jpg,img_202_postgrapenutsflakes_cropped.png,Post
203,70,Adult,58,9%,12%,500,5,7,290,200,1,0,0,209,165.3,163.56,183.64,60.91,69.34,53.32,#cfc7c4,191,white,http://cerealfacts.org/cereal_nutrition_scores.aspx?id=203,http://cerealfacts.org/media/cereal_images/PostGrapeNutsRegular.jpg,img_203_postgrapenutsregular.jpg,img_203_postgrapenutsregular_cropped.png,Post
204,54,Adult,30,20%,7%,467,6,2,140,120,0,0,0,237,110.21,171.76,218.68,88.83,69.81,54.38,#fee101,251,white,http://cerealfacts.org/cereal_nutrition_scores.aspx?id=204,http://cerealfacts.org/media/cereal_images/PostHBOHoneyRoasted.jpg,img_204_posthbohoneyroasted.jpg,img_204_posthbohoneyroasted_cropped.png,Post
205,54,Adult,32,19%,6%,422,6,2,135,130,0,0,0,251,128.92,157.06,165.51,95.81,76.17,89.75,#043874,102,white,http://cerealfacts.org/cereal_nutrition_scores.aspx?id=205,http://cerealfacts.org/media/cereal_images/PostHBOWithAlmonds.jpg,img_205_posthbowithalmonds.jpg,img_205_posthbowithalmonds_cropped.png,Post
206,54,Adult,30,20%,7%,500,6,2,150,120,0,0,0,237,125.06,153.5,210.73,85.91,80.48,44.05,#881920,178,white,http://cerealfacts.org/cereal_nutrition_scores.aspx?id=206,http://cerealfacts.org/media/cereal_images/PostHBOWithCinnamonClusters.jpg,img_206_posthbowithcinnamonclusters.jpg,img_206_posthbowithcinnamonclusters_cropped.png,Post
207,54,Adult,31,26%,6%,403,8,2,125,120,0,0,0,224,79.96,109.24,187.41,88.26,80.5,52.21,#d0cedb,512,white,http://cerealfacts.org/cereal_nutrition_scores.aspx?id=207,http://cerealfacts.org/media/cereal_images/PostHBOWithRealStrawberries.jpg,img_207_posthbowithrealstrawberries.jpg,img_207_posthbowithrealstrawberries_cropped.png,Post
208,58,Adult,56,21%,7%,304,12,4,170,220,0,0,0,63,87.5,132.36,190.96,98.79,80.66,58.15,#ffd600,339,white,http://cerealfacts.org/cereal_nutrition_scores.aspx?id=208,http://cerealfacts.org/media/cereal_images/PostHBOWithVanillaClusters.jpg,img_208_posthbowithvanillaclusters.jpg,img_208_posthbowithvanillaclusters_cropped.png,Post
209,48,Adult,29,21%,3%,483,6,1,140,120,0,0,0,63,79.92,133.81,163.39,94.84,78.63,80.64,#ffd000,144,white,http://cerealfacts.org/cereal_nutrition_scores.aspx?id=209,http://cerealfacts.org/media/cereal_images/PostHBOWithPecanBunches.jpg,img_209_posthbowithpecanbunches.jpg,img_209_posthbowithpecanbunches_cropped.png,Post
210,54,Adult,52,27%,4%,346,14,2,180,200,0,0,0,195,81.78,121.13,142.34,76.4,63.66,56.17,#bbc2cc,125,brown,http://cerealfacts.org/cereal_nutrition_scores.aspx?id=210,http://cerealfacts.org/media/cereal_images/PostHBORaisinMedley.jpg,img_210_posthboraisinmedley.jpg,img_210_posthboraisinmedley_cropped.png,Post
211,58,Adult,57,25%,7%,140,14,4,80,250,0,0,0,228,102.03,176.34,212.29,78.22,65.04,62.99,#ffffff,13751,orange,http://cerealfacts.org/cereal_nutrition_scores.aspx?id=211,http://cerealfacts.org/media/cereal_images/PostHBOJustBunchesHoneyRoasted.jpg,img_211_posthbojustbuncheshoneyroasted.jpg,img_211_posthbojustbuncheshoneyroasted_cropped.png,Post
212,40,Child,32,31%,3%,562,10,1,180,130,0,0,0,189,97.88,152.85,174.89,75.47,60.01,73.83,#e0d200,181,white,http://cerealfacts.org/cereal_nutrition_scores.aspx?id=212,http://cerealfacts.org/media/cereal_images/PostHoneyCombRegular.jpg,img_212_posthoneycombregular.jpg,img_212_posthoneycombregular_cropped.png,Post
213,26,Child,30,37%,0%,633,11,0,190,120,0,1,1,185,60.69,95.85,138.25,59.01,67.03,63.27,#ffffff,12446,brown,http://cerealfacts.org/cereal_nutrition_scores.aspx?id=213,http://cerealfacts.org/media/cereal_images/PostPebblesCocoa.jpg,img_213_postpebblescocoa.jpg,img_213_postpebblescocoa_cropped.png,Post
214,26,Child,30,37%,0%,633,11,0,190,120,0,1,1,217,80.96,108.8,179.77,65.06,81.6,72.56,#cc1c29,256,brown,http://cerealfacts.org/cereal_nutrition_scores.aspx?id=214,http://cerealfacts.org/media/cereal_images/PostPebblesFruity.jpg,img_214_postpebblesfruity.jpg,img_214_postpebblesfruity_cropped.png,Post
215,50,Child,27,30%,7%,296,8,2,80,110,0,1,1,254,77.54,122.14,186.8,76.24,67.76,61.91,#e53915,177,brown,http://cerealfacts.org/cereal_nutrition_scores.aspx?id=215,http://cerealfacts.org/media/cereal_images/PostPebblesBouldersChocolatePeanutButter.jpg,img_215_postpebblesboulderschocolatepeanutbutter.jpg,img_215_postpebblesboulderschocolatepeanutbutter_cropped.png,Post
216,28,Child,27,37%,0%,667,10,0,180,110,0,1,1,208,120.72,145.13,132.72,85.15,69.29,106.24,#ffe001,249,grey,http://cerealfacts.org/cereal_nutrition_scores.aspx?id=216,http://cerealfacts.org/media/cereal_images/PostPebblesMarshmallow.jpg,img_216_postpebblesmarshmallow.jpg,img_216_postpebblesmarshmallow_cropped.png,Post
217,50,Family,59,32%,14%,424,19,8,250,190,0,0,0,64,115.51,92.85,117.38,70.95,81.13,76.84,#602368,221,grey,http://cerealfacts.org/cereal_nutrition_scores.aspx?id=217,http://cerealfacts.org/media/cereal_images/PostRaisinBran.jpg,img_217_postraisinbran.jpg,img_217_postraisinbran_cropped.png,Post
218,48,Adult,55,29%,4%,382,16,2,210,220,0,0,0,68,114.05,138.93,146.02,64.06,69.72,97.57,#fffce9,256,grey,http://cerealfacts.org/cereal_nutrition_scores.aspx?id=218,http://cerealfacts.org/media/cereal_images/PostSelectsBlueberryMorning.jpg,img_218_postselectsblueberrymorning.jpg,img_218_postselectsblueberrymorning_cropped.png,Post
219,56,Adult,52,23%,8%,240,12,4,125,210,1,0,0,237,131.03,174.12,218.77,85.69,61.99,35.22,#efeeea,256,white,http://cerealfacts.org/cereal_nutrition_scores.aspx?id=219,http://cerealfacts.org/media/cereal_images/PostSelectsMaplePecanCrunch.jpg,img_219_postselectsmaplepecancrunch.jpg,img_219_postselectsmaplepecancrunch_cropped.png,Post
220,58,Adult,48,25%,10%,219,12,5,105,180,0,0,0,82,102.02,126.8,199.01,72.52,83.79,53.19,#ffffff,536,brown,http://cerealfacts.org/cereal_nutrition_scores.aspx?id=220,http://cerealfacts.org/media/cereal_images/PostSelectsGreatGrainsCranberryAlmondCrunch.jpg,img_220_postselectsgreatgrainscranberryalmondcrunch.jpg,img_220_postselectsgreatgrainscranberryalmondcrunch_cropped.png,Post
221,58,Adult,52,15%,10%,288,8,5,150,210,1,0,0,234,128.92,148.89,183.68,82.87,79.47,61.18,#e7e9e8,229,white,http://cerealfacts.org/cereal_nutrition_scores.aspx?id=221,http://cerealfacts.org/media/cereal_images/PostSelectsGreatGrainsCrunchyPecans.jpg,img_221_postselectsgreatgrainscrunchypecans.jpg,img_221_postselectsgreatgrainscrunchypecans_cropped.png,Post
222,58,Adult,55,24%,9%,245,13,5,135,210,0,0,0,32,96.59,125.83,186.07,75.68,83.3,66.62,#f0f9fe,256,brown,http://cerealfacts.org/cereal_nutrition_scores.aspx?id=222,http://cerealfacts.org/media/cereal_images/PostSelectsGreatGrainsRaisinDatePecan.jpg,img_222_postselectsgreatgrainsraisindatepecan.jpg,img_222_postselectsgreatgrainsraisindatepecan_cropped.png,Post
223,56,Adult,59,19%,12%,237,11,7,140,240,1,0,0,207,91.4,149.84,186.75,91.27,61.5,46.44,#c7bdb3,256,white,http://cerealfacts.org/cereal_nutrition_scores.aspx?id=223,http://cerealfacts.org/media/cereal_images/PostSelectsGreatGrainsBananaNutCrunch.jpg,img_223_postselectsgreatgrainsbanananutcrunch.jpg,img_223_postselectsgreatgrainsbanananutcrunch_cropped.png,Post
224,82,Adult,47,0%,13%,0,0,6,0,160,0,0,0,90,68.59,74.54,207.39,61.78,70.96,32.08,#c0272a,256,brown,http://cerealfacts.org/cereal_nutrition_scores.aspx?id=224,http://cerealfacts.org/media/cereal_images/PostShreddedWheatOriginal.jpg,img_224_postshreddedwheatoriginal.jpg,img_224_postshreddedwheatoriginal_cropped.png,Post
225,72,Adult,59,20%,10%,102,12,6,60,220,0,0,0,180,73.97,140.46,228.3,59.24,49.16,34.79,#f89831,512,orange,http://cerealfacts.org/cereal_nutrition_scores.aspx?id=225,http://cerealfacts.org/media/cereal_images/PostShreddedWheatSpoonSizeHoneyNut.jpg,img_225_postshreddedwheatspoonsizehoneynut.jpg,img_225_postshreddedwheatspoonsizehoneynut_cropped.png,Post
226,82,Adult,49,0%,12%,0,0,6,0,170,0,0,0,90,71.68,78.58,209.81,61.65,70.87,32.44,#c0272a,256,brown,http://cerealfacts.org/cereal_nutrition_scores.aspx?id=226,http://cerealfacts.org/media/cereal_images/PostShreddedWheatSpoonSizeOriginal.jpg,img_226_postshreddedwheatspoonsizeoriginal.jpg,img_226_postshreddedwheatspoonsizeoriginal_cropped.png,Post
227,82,Adult,59,0%,15%,0,0,9,0,200,0,0,0,64,71.67,91.34,147.99,63.59,65.5,51.93,#602f28,256,brown,http://cerealfacts.org/cereal_nutrition_scores.aspx?id=227,http://cerealfacts.org/media/cereal_images/PostShreddedWheatSpoonSizeWheatNBran.jpg,img_227_postshreddedwheatspoonsizewheatnbran.jpg,img_227_postshreddedwheatspoonsizewheatnbran_cropped.png,Post
228,74,Adult,56,21%,11%,0,12,6,0,200,0,0,0,253,202.53,189.91,156.59,51.75,47.23,75.82,#ddeff9,204,white,http://cerealfacts.org/cereal_nutrition_scores.aspx?id=228,http://cerealfacts.org/media/cereal_images/PostShreddedWheatSpoonSizeLightlyFrosted.jpg,img_228_postshreddedwheatspoonsizelightlyfrosted.jpg,img_228_postshreddedwheatspoonsizelightlyfrosted_cropped.png,Post
229,44,Family,30,40%,3%,383,12,1,115,120,0,1,1,173,49.83,125.53,194.77,70.68,63.32,67.28,#efad01,226,white,http://cerealfacts.org/cereal_nutrition_scores.aspx?id=229,http://cerealfacts.org/media/cereal_images/PostWaffleCrisp.jpg,img_229_postwafflecrisp.jpg,img_229_postwafflecrisp_cropped.png,Post
230,56,Adult,55,27%,5%,127,15,3,70,240,0,0,0,168,104.91,107.77,127.53,56.92,50.66,42.55,#a1aab1,692,violet,http://cerealfacts.org/cereal_nutrition_scores.aspx?id=230,http://cerealfacts.org/media/cereal_images/PeaceFrenchVanillaGranola.jpg,img_230_peacefrenchvanillagranola.jpg,img_230_peacefrenchvanillagranola_cropped.png,Peace Cereal
231,58,Adult,55,18%,7%,218,10,4,120,240,1,0,0,203,136.46,151.87,171.22,84.38,68.44,39.13,#ffffff,107767,white,http://cerealfacts.org/cereal_nutrition_scores.aspx?id=231,http://cerealfacts.org/media/cereal_images/PeaceGoldenHoneyGranola.jpg,img_231_peacegoldenhoneygranola.jpg,img_231_peacegoldenhoneygranola_cropped.png,Peace Cereal
232,46,Adult,55,18%,4%,600,10,2,330,230,1,0,0,207,129.17,150.1,179.42,88.13,69.09,34.03,#cdd0d5,142,white,http://cerealfacts.org/cereal_nutrition_scores.aspx?id=232,http://cerealfacts.org/media/cereal_images/PeaceMangoPassion.jpg,img_232_peacemangopassion.jpg,img_232_peacemangopassion_cropped.png,Peace Cereal
233,54,Adult,55,20%,5%,400,11,3,220,240,1,0,0,246,151.77,176.16,203.64,89.17,72.61,47.21,#dbf1fc,195,white,http://cerealfacts.org/cereal_nutrition_scores.aspx?id=233,http://cerealfacts.org/media/cereal_images/PeaceMaplePecan.jpg,img_233_peacemaplepecan.jpg,img_233_peacemaplepecan_cropped.png,Peace Cereal
234,54,Adult,55,22%,5%,418,12,3,230,230,1,0,0,238,139.26,167.18,208.36,90.78,72.03,34.61,#def5fb,76,white,http://cerealfacts.org/cereal_nutrition_scores.aspx?id=234,http://cerealfacts.org/media/cereal_images/PeaceRasberryGinger.jpg,img_234_peacerasberryginger.jpg,img_234_peacerasberryginger_cropped.png,Peace Cereal
235,54,Adult,55,20%,5%,382,11,3,210,240,1,0,0,236,170.86,184.35,209.73,80.16,63.54,36.96,#ffffff,46577,white,http://cerealfacts.org/cereal_nutrition_scores.aspx?id=235,http://cerealfacts.org/media/cereal_images/PeaceVanillaAlmond.jpg,img_235_peacevanillaalmond.jpg,img_235_peacevanillaalmond_cropped.png,Peace Cereal
236,56,Adult,55,13%,5%,600,7,3,330,220,1,0,0,230,128.33,159.57,207.61,101.82,83.73,40.41,#e80000,236,white,http://cerealfacts.org/cereal_nutrition_scores.aspx?id=236,http://cerealfacts.org/media/cereal_images/PeaceWildBerryCrisp.jpg,img_236_peacewildberrycrisp.jpg,img_236_peacewildberrycrisp_cropped.png,Peace Cereal
237,58,Adult,55,24%,5%,136,13,3,75,240,1,0,0,246,164.12,178.41,205.49,82.83,71.54,42.0,#e0f2fc,208,white,http://cerealfacts.org/cereal_nutrition_scores.aspx?id=237,http://cerealfacts.org/media/cereal_images/PeaceCherryAlmond.jpg,img_237_peacecherryalmond.jpg,img_237_peacecherryalmond_cropped.png,Peace Cereal
238,70,Adult,55,16%,15%,309,9,8,170,190,1,0,0,99,149.18,168.93,200.98,90.32,77.57,50.5,#ecf9ff,512,white,http://cerealfacts.org/cereal_nutrition_scores.aspx?id=238,http://cerealfacts.org/media/cereal_images/PeaceHeartyRaisinBran.jpg,img_238_peaceheartyraisinbran.jpg,img_238_peaceheartyraisinbran_cropped.png,Peace Cereal
239,70,Adult,55,13%,9%,345,7,5,190,210,1,0,0,245,163.37,179.6,191.08,85.87,68.32,50.96,#f0b02a,123,white,http://cerealfacts.org/cereal_nutrition_scores.aspx?id=239,http://cerealfacts.org/media/cereal_images/PeaceGojiBerry.jpg,img_239_peacegojiberry.jpg,img_239_peacegojiberry_cropped.png,Peace Cereal
240,70,Adult,55,25%,5%,36,14,3,20,240,1,0,0,244,158.92,171.4,200.7,83.01,73.47,47.63,#ea292e,187,white,http://cerealfacts.org/cereal_nutrition_scores.aspx?id=240,http://cerealfacts.org/media/cereal_images/PeaceBlueberryPomegranate.jpg,img_240_peaceblueberrypomegranate.jpg,img_240_peaceblueberrypomegranate_cropped.png,Peace Cereal
241,52,Adult,55,22%,5%,545,12,3,300,220,1,0,0,245,145.17,169.17,199.04,88.45,69.78,50.73,#e8292e,209,white,http://cerealfacts.org/cereal_nutrition_scores.aspx?id=241,http://cerealfacts.org/media/cereal_images/PeaceAppleCinnamon.jpg,img_241_peaceapplecinnamon.jpg,img_241_peaceapplecinnamon_cropped.png,Peace Cereal
242,52,Adult,55,31%,9%,291,17,5,160,230,1,0,0,237,155.03,172.5,215.91,86.62,71.46,33.36,#edf6f5,237,white,http://cerealfacts.org/cereal_nutrition_scores.aspx?id=242,http://cerealfacts.org/media/cereal_images/PeaceWalnutSpice.jpg,img_242_peacewalnutspice.jpg,img_242_peacewalnutspice_cropped.png,Peace Cereal
243,32,Family,27,33%,4%,741,9,1,200,110,0,1,1,98,60.13,98.84,148.27,58.45,58.99,74.58,#ffffff,24215,brown,http://cerealfacts.org/cereal_nutrition_scores.aspx?id=243,http://cerealfacts.org/media/cereal_images/QuakerCapNCrunchPeanutButterCrunch.jpg,img_243_quakercapncrunchpeanutbuttercrunch.jpg,img_243_quakercapncrunchpeanutbuttercrunch_cropped.png,Quaker
244,28,Family,26,42%,4%,731,11,1,190,110,0,1,1,194,93.05,145.41,173.99,74.8,67.79,76.52,#facd1c,229,orange,http://cerealfacts.org/cereal_nutrition_scores.aspx?id=244,http://cerealfacts.org/media/cereal_images/QuakerCapNCrunchWithCrunchberries.jpg,img_244_quakercapncrunchwithcrunchberries.jpg,img_244_quakercapncrunchwithcrunchberries_cropped.png,Quaker
245,28,Family,27,44%,4%,741,12,1,200,110,0,1,1,82,115.0,124.03,177.01,70.68,72.02,70.03,#ffffff,21968,grey,http://cerealfacts.org/cereal_nutrition_scores.aspx?id=245,http://cerealfacts.org/media/cereal_images/QuakerCapNCrunchRegular.jpg,img_245_quakercapncrunchregular.jpg,img_245_quakercapncrunchregular_cropped.png,Quaker
246,38,Family,27,41%,4%,463,11,1,125,110,0,1,1,254,72.82,109.69,139.39,69.11,69.74,63.31,#fffffd,486,brown,http://cerealfacts.org/cereal_nutrition_scores.aspx?id=246,http://cerealfacts.org/media/cereal_images/QuakerCapNCrunchChocolateCrunch.jpg,img_246_quakercapncrunchchocolatecrunch.jpg,img_246_quakercapncrunchchocolatecrunch_cropped.png,Quaker
247,30,Family,32,47%,3%,656,15,1,210,130,0,1,1,221,122.99,129.26,122.84,70.76,73.43,79.21,#ffffff,2783,grey,http://cerealfacts.org/cereal_nutrition_scores.aspx?id=247,http://cerealfacts.org/media/cereal_images/QuakerCapNCrunchOopsAllBerries.jpg,img_247_quakercapncrunchoopsallberries.jpg,img_247_quakercapncrunchoopsallberries_cropped.png,Quaker
248,52,Family,32,25%,6%,469,8,2,150,120,0,1,0,218,112.51,151.98,182.08,55.9,83.31,90.63,#ffeb95,512,white,http://cerealfacts.org/cereal_nutrition_scores.aspx?id=248,http://cerealfacts.org/media/cereal_images/QuakerLifeCinnamon.jpg,img_248_quakerlifecinnamon.jpg,img_248_quakerlifecinnamon_cropped.png,Quaker
249,52,Family,32,25%,6%,469,8,2,150,120,0,1,0,45,99.27,115.88,147.19,58.25,64.07,68.13,#211716,256,brown,http://cerealfacts.org/cereal_nutrition_scores.aspx?id=249,http://cerealfacts.org/media/cereal_images/QuakerLifeMapleBrownSugar.jpg,img_249_quakerlifemaplebrownsugar.jpg,img_249_quakerlifemaplebrownsugar_cropped.png,Quaker
250,54,Family,32,19%,6%,500,6,2,160,120,1,1,0,227,159.56,170.5,174.13,83.09,67.49,66.76,#c78f14,256,white,http://cerealfacts.org/cereal_nutrition_scores.aspx?id=250,http://cerealfacts.org/media/cereal_images/QuakerLifeRegular.jpg,img_250_quakerliferegular.jpg,img_250_quakerliferegular_cropped.png,Quaker
251,58,Adult,55,25%,9%,236,14,5,130,210,0,1,0,25,110.95,109.09,112.41,65.41,75.42,79.41,#ffffff,18980,white,http://cerealfacts.org/cereal_nutrition_scores.aspx?id=251,http://cerealfacts.org/media/cereal_images/QuakerNaturalGranolaLowfat.jpg,img_251_quakernaturalgranolalowfat.jpg,img_251_quakernaturalgranolalowfat_cropped.png,Quaker
252,70,Adult,51,25%,10%,59,13,5,30,210,0,1,0,255,136.43,133.39,159.71,77.63,92.43,85.95,#8f0149,256,white,http://cerealfacts.org/cereal_nutrition_scores.aspx?id=252,http://cerealfacts.org/media/cereal_images/QuakerNaturalGranolaOatsHoneyRaisins.jpg,img_252_quakernaturalgranolaoatshoneyraisins.jpg,img_252_quakernaturalgranolaoatshoneyraisins_cropped.png,Quaker
253,58,Adult,49,27%,10%,51,13,5,25,200,0,1,0,210,121.1,133.56,136.84,65.11,71.36,76.12,#031b63,169,white,http://cerealfacts.org/cereal_nutrition_scores.aspx?id=253,http://cerealfacts.org/media/cereal_images/QuakerNaturalGranolaAppleCranberryAlmond.jpg,img_253_quakernaturalgranolaapplecranberryalmond.jpg,img_253_quakernaturalgranolaapplecranberryalmond_cropped.png,Quaker
254,70,Adult,48,21%,10%,52,10,5,25,200,0,1,0,45,117.9,106.94,127.68,58.46,68.19,67.0,#341c3c,119,brown,http://cerealfacts.org/cereal_nutrition_scores.aspx?id=254,http://cerealfacts.org/media/cereal_images/QuakerNaturalGranolaOatsHoneyAlmonds.jpg,img_254_quakernaturalgranolaoatshoneyalmonds.jpg,img_254_quakernaturalgranolaoatshoneyalmonds_cropped.png,Quaker
255,58,Adult,57,16%,11%,368,9,6,210,210,0,1,0,83,66.18,76.16,158.47,57.41,60.69,75.17,#e4dfdb,211,brown,http://cerealfacts.org/cereal_nutrition_scores.aspx?id=255,http://cerealfacts.org/media/cereal_images/QuakerOatBranColdCereal.jpg,img_255_quakeroatbrancoldcereal.jpg,img_255_quakeroatbrancoldcereal_cropped.png,Quaker
256,70,Adult,56,16%,9%,339,9,5,190,210,0,1,0,64,164.55,136.89,90.92,62.61,58.52,98.7,#0093d8,249,grey,http://cerealfacts.org/cereal_nutrition_scores.aspx?id=256,http://cerealfacts.org/media/cereal_images/QuakerOatmealSquaresBrownSugar.jpg,img_256_quakeroatmealsquaresbrownsugar.jpg,img_256_quakeroatmealsquaresbrownsugar_cropped.png,Quaker
257,70,Adult,56,16%,9%,339,9,5,190,210,0,1,0,149,97.41,126.17,178.93,58.6,61.11,85.87,#26397b,1792,orange,http://cerealfacts.org/cereal_nutrition_scores.aspx?id=257,http://cerealfacts.org/media/cereal_images/QuakerOatmealSquaresCinnamon.jpg,img_257_quakeroatmealsquarescinnamon.jpg,img_257_quakeroatmealsquarescinnamon_cropped.png,Quaker
258,70,Adult,56,16%,9%,339,9,5,190,210,0,1,0,255,91.22,121.25,167.26,65.59,61.71,74.12,#1b4482,256,brown,http://cerealfacts.org/cereal_nutrition_scores.aspx?id=258,http://cerealfacts.org/media/cereal_images/QuakerOatmealSquaresGoldenMaple.jpg,img_258_quakeroatmealsquaresgoldenmaple.jpg,img_258_quakeroatmealsquaresgoldenmaple_cropped.png,Quaker
259,58,Family,32,19%,19%,281,6,6,90,110,1,1,0,232,158.91,175.17,203.98,90.9,73.27,47.04,#e4e3e1,148,white,http://cerealfacts.org/cereal_nutrition_scores.aspx?id=259,http://cerealfacts.org/media/cereal_images/QuakerLifeCrunchtimeStrawberry.jpg,img_259_quakerlifecrunchtimestrawberry.jpg,img_259_quakerlifecrunchtimestrawberry_cropped.png,Quaker
260,58,Family,32,22%,19%,281,7,6,90,110,1,1,0,146,88.67,104.01,126.5,51.3,39.4,38.09,#817d7c,256,grey,http://cerealfacts.org/cereal_nutrition_scores.aspx?id=260,http://cerealfacts.org/media/cereal_images/QuakerLifeCrunchtimeAppleCinnamon.jpg,img_260_quakerlifecrunchtimeapplecinnamon.jpg,img_260_quakerlifecrunchtimeapplecinnamon_cropped.png,Quaker
